INEX_LD-2009022	<dbpedia:Sichuan_cuisine>	9
INEX_LD-2009022	<dbpedia:Szałot>	8
INEX_LD-2009022	<dbpedia:Peter_Chang_(chef)>	7
INEX_LD-2009022	<dbpedia:Bryndzové_halušky>	6
INEX_LD-2009022	<dbpedia:Hungarian_cuisine>	5
INEX_LD-2009022	<dbpedia:Wodzionka>	4
INEX_LD-2009022	<dbpedia:Wazwan>	3
INEX_LD-2009022	<dbpedia:Tekwan>	2
INEX_LD-2009022	<dbpedia:Funšterc>	1
INEX_LD-2009022	<dbpedia:Goulash>	0
INEX_LD-2009039	<dbpedia:Ancient_Roman_architecture>	9
INEX_LD-2009039	<dbpedia:Architecture_of_Rome>	8
INEX_LD-2009039	<dbpedia:Roman_temple>	7
INEX_LD-2009039	<dbpedia:Roman_theatre_(structure)>	6
INEX_LD-2009039	<dbpedia:Domvs_Romana>	5
INEX_LD-2009039	<dbpedia:Porticus_Octaviae>	4
INEX_LD-2009039	<dbpedia:De_architectura>	3
INEX_LD-2009039	<dbpedia:Roman_Architectural_Revolution>	2
INEX_LD-2009039	<dbpedia:Roman_engineering>	1
INEX_LD-2009039	<dbpedia:Outline_of_classical_architecture>	0
INEX_LD-2009053	<dbpedia:Saab_Automobile>	9
INEX_LD-2009053	<dbpedia:Sisu_Auto>	8
INEX_LD-2009053	<dbpedia:Valmet_Automotive>	7
INEX_LD-2009053	<dbpedia:Saab_90>	6
INEX_LD-2009053	<dbpedia:Saab_9000>	5
INEX_LD-2009053	<dbpedia:Sisu_SA-240>	4
INEX_LD-2009053	<dbpedia:Sisu_KB-45>	3
INEX_LD-2009053	<dbpedia:Saab_9-3>	2
INEX_LD-2009053	<dbpedia:Sisu_S-21>	1
INEX_LD-2009053	<dbpedia:Saab_Group>	0
INEX_LD-2009061	<dbpedia:Battle_of_Villers-Bocage>	9
INEX_LD-2009061	<dbpedia:Falaise_pocket>	8
INEX_LD-2009061	<dbpedia:Normandy_American_Cemetery_and_Memorial>	7
INEX_LD-2009061	<dbpedia:Battle_for_Caen>	6
INEX_LD-2009061	<dbpedia:Écouché_in_the_Second_World_War>	5
INEX_LD-2009061	<dbpedia:Normandy_Campaign>	4
INEX_LD-2009061	<dbpedia:Normandy_(French_region)>	3
INEX_LD-2009061	<dbpedia:Battle_of_Carentan>	2
INEX_LD-2009061	<dbpedia:Norman_Cota>	1
INEX_LD-2009061	<dbpedia:List_of_Allied_forces_in_the_Normandy_Campaign>	0
INEX_LD-2009062	<dbpedia:Group_(online_social_networking)>	9
INEX_LD-2009062	<dbpedia:Social_purchasing_network>	8
INEX_LD-2009062	<dbpedia:Social_circle>	7
INEX_LD-2009062	<dbpedia:Grouper_social_club>	6
INEX_LD-2009062	<dbpedia:Social_network_aggregation>	5
INEX_LD-2009062	<dbpedia:Social_seating>	4
INEX_LD-2009062	<dbpedia:Cultural_group_selection>	3
INEX_LD-2009062	<dbpedia:Peer_group>	2
INEX_LD-2009062	<dbpedia:Social_network_automation>	1
INEX_LD-2009062	<dbpedia:Group_Selection_(book)>	0
INEX_LD-2009063	<dbpedia:Invasion_of_Normandy>	9
INEX_LD-2009063	<dbpedia:Normandy_landings>	8
INEX_LD-2009063	<dbpedia:Operation_Overlord>	7
INEX_LD-2009063	<dbpedia:D-Day_(military_term)>	6
INEX_LD-2009063	<dbpedia:The_Longest_Day_(book)>	5
INEX_LD-2009063	<dbpedia:American_airborne_landings_in_Normandy>	4
INEX_LD-2009063	<dbpedia:H-hour_(D-day)>	3
INEX_LD-2009063	<dbpedia:D-Day_-1>	2
INEX_LD-2009063	<dbpedia:Normandy_Campaign>	1
INEX_LD-2009063	<dbpedia:D-Day:_The_Great_Crusade>	0
INEX_LD-2009074	<dbpedia:Scoring_algorithm>	9
INEX_LD-2009074	<dbpedia:Quality_Score>	8
INEX_LD-2009074	<dbpedia:PageRank>	7
INEX_LD-2009074	<dbpedia:Ranker>	6
INEX_LD-2009074	<dbpedia:HITS_algorithm>	5
INEX_LD-2009074	<dbpedia:Visibility_Scorecard>	4
INEX_LD-2009074	<dbpedia:FAROO>	3
INEX_LD-2009074	<dbpedia:Google_Panda>	2
INEX_LD-2009074	<dbpedia:Rank_SIFT>	1
INEX_LD-2009074	<dbpedia:TrueSkill>	0
INEX_LD-2009115	<dbpedia:Virtual_Library_museums_pages>	9
INEX_LD-2009115	<dbpedia:Virtual_museum>	8
INEX_LD-2009115	<dbpedia:Virtual_Museum_of_Canada>	7
INEX_LD-2009115	<dbpedia:Virtual_Collection_of_Masterpieces>	6
INEX_LD-2009115	<dbpedia:Virtual_Globes_Museum>	5
INEX_LD-2009115	<dbpedia:Virtual_Museum_of_Protestantism>	4
INEX_LD-2009115	<dbpedia:Virtual_Museum_of_New_France>	3
INEX_LD-2009115	<dbpedia:Virtual_Teaching_Collection>	2
INEX_LD-2009115	<dbpedia:Virtual_Museum_of_Modern_Nigerian_Art>	1
INEX_LD-2009115	<dbpedia:Virtual_Museum_of_Computing>	0
INEX_LD-2010004	<dbpedia:List_of_Indian_dishes>	9
INEX_LD-2010004	<dbpedia:Indian_cuisine>	8
INEX_LD-2010004	<dbpedia:Anglo-Indian_cuisine>	7
INEX_LD-2010004	<dbpedia:Indian_Chinese_cuisine>	6
INEX_LD-2010004	<dbpedia:North_Indian_cuisine>	5
INEX_LD-2010004	<dbpedia:Indian_Singaporean_cuisine>	4
INEX_LD-2010004	<dbpedia:Indian_omelette>	3
INEX_LD-2010004	<dbpedia:Indian_dairy_products>	2
INEX_LD-2010004	<dbpedia:Pure_Indian_Foods>	1
INEX_LD-2010004	<dbpedia:Indian_bread>	0
INEX_LD-2010014	<dbpedia:Carl_Nielsen_Museum>	9
INEX_LD-2010014	<dbpedia:Musical_Museum,_Brentford>	8
INEX_LD-2010014	<dbpedia:Antonín_Dvořák_Museum>	7
INEX_LD-2010014	<dbpedia:House-Museum_of_Aram_Khachaturian>	6
INEX_LD-2010014	<dbpedia:Museu_da_Música>	5
INEX_LD-2010014	<dbpedia:International_Museum_and_Library_of_Music_of_Bologna>	4
INEX_LD-2010014	<dbpedia:Museum_of_Making_Music>	3
INEX_LD-2010014	<dbpedia:Virginia_Musical_Museum>	2
INEX_LD-2010014	<dbpedia:National_Music_Museum>	1
INEX_LD-2010014	<dbpedia:Music_Museum_of_Macedonia>	0
INEX_LD-2010019	<dbpedia:Gallo-Roman_Museum,_Lyon>	9
INEX_LD-2010019	<dbpedia:Maison_Carrée>	8
INEX_LD-2010019	<dbpedia:Vesunna_Gallo-Roman_Museum>	7
INEX_LD-2010019	<dbpedia:Gallo-Roman_Museum,_Tongeren>	6
INEX_LD-2010019	<dbpedia:Roman-Gaul_Baths_of_Entrammes>	5
INEX_LD-2010019	<dbpedia:Arènes_de_Lutèce>	4
INEX_LD-2010019	<dbpedia:Le_Marais>	3
INEX_LD-2010019	<dbpedia:Notre-Dame_de_la_Daurade>	2
INEX_LD-2010019	<dbpedia:Jean-Pierre_Adam>	1
INEX_LD-2010019	<dbpedia:Carré_d'Art>	0
INEX_LD-2010020	<dbpedia:Wind_power_in_France>	9
INEX_LD-2010020	<dbpedia:Electricity_sector_in_France>	8
INEX_LD-2010020	<dbpedia:Nuclear_power_in_France>	7
INEX_LD-2010020	<dbpedia:Électricité_de_France>	6
INEX_LD-2010020	<dbpedia:Energy_in_France>	5
INEX_LD-2010020	<dbpedia:Cordemais_Power_Station>	4
INEX_LD-2010020	<dbpedia:Solar_power_in_France>	3
INEX_LD-2010020	<dbpedia:La_Coche_Power_Station>	2
INEX_LD-2010020	<dbpedia:List_of_French_electric_utilities>	1
INEX_LD-2010020	<dbpedia:Energy_in_Senegal>	0
INEX_LD-2010037	<dbpedia:GNU_social>	9
INEX_LD-2010037	<dbpedia:Social_network_aggregation>	8
INEX_LD-2010037	<dbpedia:Socialwok>	7
INEX_LD-2010037	<dbpedia:Gnip>	6
INEX_LD-2010037	<dbpedia:Social_network_automation>	5
INEX_LD-2010037	<dbpedia:The_Social_Network_(soundtrack)>	4
INEX_LD-2010037	<dbpedia:Social_mobile_application>	3
INEX_LD-2010037	<dbpedia:Pump.io>	2
INEX_LD-2010037	<dbpedia:New_API>	1
INEX_LD-2010037	<dbpedia:Social_VPN>	0
INEX_LD-2010043	<dbpedia:Surrealist_cinema>	9
INEX_LD-2010043	<dbpedia:List_of_films_influenced_by_the_Surrealist_movement>	8
INEX_LD-2010043	<dbpedia:Top_lista_nadrealista>	7
INEX_LD-2010043	<dbpedia:List_of_avant-garde_films>	6
INEX_LD-2010043	<dbpedia:Impressions_de_la_Haute_Mongolie>	5
INEX_LD-2010043	<dbpedia:List_of_Surrealist_poets>	4
INEX_LD-2010043	<dbpedia:List_of_avant-garde_films_of_the_1960s:_1960–1964>	3
INEX_LD-2010043	<dbpedia:Absurda>	2
INEX_LD-2010043	<dbpedia:List_of_films_featuring_hallucinogens>	1
INEX_LD-2010043	<dbpedia:Anemic_Cinema>	0
INEX_LD-2010057	<dbpedia:Theory_of_relativity>	9
INEX_LD-2010057	<dbpedia:Einstein_aether_theory>	8
INEX_LD-2010057	<dbpedia:Einstein–Cartan_theory>	7
INEX_LD-2010057	<dbpedia:Einstein–Cartan–Evans_theory>	6
INEX_LD-2010057	<dbpedia:History_of_loop_quantum_gravity>	5
INEX_LD-2010057	<dbpedia:Weyl_curvature_hypothesis>	4
INEX_LD-2010057	<dbpedia:The_Einstein_Theory_of_Relativity>	3
INEX_LD-2010057	<dbpedia:Special_relativity_(alternative_formulations)>	2
INEX_LD-2010057	<dbpedia:Criticism_of_the_theory_of_relativity>	1
INEX_LD-2010057	<dbpedia:Relativity_priority_dispute>	0
INEX_LD-2010069	<dbpedia:List_of_early_summer_flowers>	9
INEX_LD-2010069	<dbpedia:Summerhayesia>	8
INEX_LD-2010069	<dbpedia:Buddleja_'Summer_Rose'>	7
INEX_LD-2010069	<dbpedia:Buddleja_'Summer_Beauty'>	6
INEX_LD-2010069	<dbpedia:Flowers_(Ace_of_Base_album)>	5
INEX_LD-2010069	<dbpedia:Spiranthes_aestivalis>	4
INEX_LD-2010069	<dbpedia:Corymbia_'Summer_Red'>	3
INEX_LD-2010069	<dbpedia:Silene_stellata>	2
INEX_LD-2010069	<dbpedia:Aechmea_'Summerland'>	1
INEX_LD-2010069	<dbpedia:Buddleja_'Summer_Frost'>	0
INEX_LD-2010100	<dbpedia:J._A._Wood_House>	9
INEX_LD-2010100	<dbpedia:Charles_Macdonald_Concrete_House_Museum>	8
INEX_LD-2010100	<dbpedia:House_at_712_N._Mill_Street>	7
INEX_LD-2010100	<dbpedia:Concrete_furniture>	6
INEX_LD-2010100	<dbpedia:House_at_130_Mohegan_Avenue>	5
INEX_LD-2010100	<dbpedia:Wood_Freeman_House_No._2>	4
INEX_LD-2010100	<dbpedia:Mesa_House>	3
INEX_LD-2010100	<dbpedia:Airey_house>	2
INEX_LD-2010100	<dbpedia:Wood_Freeman_House_No._1>	1
INEX_LD-2010100	<dbpedia:Wood-Harrison_House>	0
INEX_LD-2010106	<dbpedia:Organic_food>	9
INEX_LD-2010106	<dbpedia:Organic_farming_and_biodiversity>	8
INEX_LD-2010106	<dbpedia:Index_of_organic_food_articles>	7
INEX_LD-2010106	<dbpedia:Organic_farming>	6
INEX_LD-2010106	<dbpedia:History_of_organic_farming>	5
INEX_LD-2010106	<dbpedia:Metabolic_advantage>	4
INEX_LD-2010106	<dbpedia:Organic_beef>	3
INEX_LD-2010106	<dbpedia:Korean_natural_farming>	2
INEX_LD-2010106	<dbpedia:Organic_product>	1
INEX_LD-2010106	<dbpedia:Organic_farming_by_country>	0
INEX_LD-20120111	<dbpedia:Vietnam_War_Story_II>	9
INEX_LD-20120111	<dbpedia:Vietnam_War_in_film>	8
INEX_LD-20120111	<dbpedia:Vietnam!_Vietnam!>	7
INEX_LD-20120111	<dbpedia:A_Face_of_War>	6
INEX_LD-20120111	<dbpedia:Good_Morning,_Vietnam>	5
INEX_LD-20120111	<dbpedia:Vietnam:_The_Camera_At_War>	4
INEX_LD-20120111	<dbpedia:Operation_Warzone>	3
INEX_LD-20120111	<dbpedia:17th_Parallel:_Vietnam_in_War>	2
INEX_LD-20120111	<dbpedia:Vietnam_(miniseries)>	1
INEX_LD-20120111	<dbpedia:The_Boys_in_Company_C>	0
INEX_LD-20120121	<dbpedia:List_of_Vietnamese_dishes>	9
INEX_LD-20120121	<dbpedia:Vietnamese_cuisine>	8
INEX_LD-20120121	<dbpedia:Vietnamese_noodles>	7
INEX_LD-20120121	<dbpedia:List_of_Vietnamese_ingredients>	6
INEX_LD-20120121	<dbpedia:Gỏi_cuốn>	5
INEX_LD-20120121	<dbpedia:Bánh_bột_chiên>	4
INEX_LD-20120121	<dbpedia:Bánh_hỏi>	3
INEX_LD-20120121	<dbpedia:Canh_chua>	2
INEX_LD-20120121	<dbpedia:Bánh>	1
INEX_LD-20120121	<dbpedia:Bánh_cốm>	0
INEX_LD-20120122	<dbpedia:List_of_Vietnamese_dishes>	9
INEX_LD-20120122	<dbpedia:Vietnamese_cuisine>	8
INEX_LD-20120122	<dbpedia:Bánh_cốm>	7
INEX_LD-20120122	<dbpedia:Vietnamese_eggplant>	6
INEX_LD-20120122	<dbpedia:Luke_Nguyen's_Vietnam>	5
INEX_LD-20120122	<dbpedia:Vietnamese_noodles>	4
INEX_LD-20120122	<dbpedia:List_of_Vietnamese_ingredients>	3
INEX_LD-20120122	<dbpedia:Bánh>	2
INEX_LD-20120122	<dbpedia:Gỏi_cuốn>	1
INEX_LD-20120122	<dbpedia:Cốm>	0
INEX_LD-20120131	<dbpedia:Cúc_Phương_National_Park>	9
INEX_LD-20120131	<dbpedia:Phong_Nha-Kẻ_Bàng_National_Park>	8
INEX_LD-20120131	<dbpedia:List_of_national_parks_of_Vietnam>	7
INEX_LD-20120131	<dbpedia:Bidoup_Núi_Bà_National_Park>	6
INEX_LD-20120131	<dbpedia:Lower_U_Minh_National_Park>	5
INEX_LD-20120131	<dbpedia:Bù_Gia_Mập_National_Park>	4
INEX_LD-20120131	<dbpedia:Lò_Gò-Xa_Mát_National_Park>	3
INEX_LD-20120131	<dbpedia:Bạch_Mã_National_Park>	2
INEX_LD-20120131	<dbpedia:Xuân_Thủy_National_Park>	1
INEX_LD-20120131	<dbpedia:Xuân_Sơn_National_Park>	0
INEX_LD-20120211	<dbpedia:C_tuning_(guitar)>	9
INEX_LD-20120211	<dbpedia:Open_C_tuning>	8
INEX_LD-20120211	<dbpedia:Guitar_tunings>	7
INEX_LD-20120211	<dbpedia:Universal_tuning>	6
INEX_LD-20120211	<dbpedia:E♭_tuning>	5
INEX_LD-20120211	<dbpedia:B_tuning>	4
INEX_LD-20120211	<dbpedia:Guitar_chord>	3
INEX_LD-20120211	<dbpedia:D♭_tuning>	2
INEX_LD-20120211	<dbpedia:Open_B_tuning>	1
INEX_LD-20120211	<dbpedia:B♭_tuning>	0
INEX_LD-20120221	<dbpedia:Bibliography_of_classical_guitar>	9
INEX_LD-20120221	<dbpedia:Flamenco_guitar>	8
INEX_LD-20120221	<dbpedia:Classical_guitar>	7
INEX_LD-20120221	<dbpedia:Spanish_guitar>	6
INEX_LD-20120221	<dbpedia:Ronald_Radford>	5
INEX_LD-20120221	<dbpedia:Dos_guitarras_flamencas>	4
INEX_LD-20120221	<dbpedia:New_Flamenco>	3
INEX_LD-20120221	<dbpedia:Ten-string_classical_guitar_of_Yepes>	2
INEX_LD-20120221	<dbpedia:Lester_DeVoe>	1
INEX_LD-20120221	<dbpedia:Juan_Miguel_Carmona>	0
INEX_LD-20120231	<dbpedia:Russian_guitar>	9
INEX_LD-20120231	<dbpedia:Poyushchiye_Gitary>	8
INEX_LD-20120231	<dbpedia:Ivan_Nikolayevich_Smirnov>	7
INEX_LD-20120231	<dbpedia:Gusli>	6
INEX_LD-20120231	<dbpedia:Oleg_Timofeyev>	5
INEX_LD-20120231	<dbpedia:Sasha_Kolpakov>	4
INEX_LD-20120231	<dbpedia:Anastasia_Bardina>	3
INEX_LD-20120231	<dbpedia:Mashina_Vremeni>	2
INEX_LD-20120231	<dbpedia:Andrei_Sychra>	1
INEX_LD-20120231	<dbpedia:Kalinov_Most>	0
INEX_LD-20120232	<dbpedia:Electric_blues>	9
INEX_LD-20120232	<dbpedia:British_blues>	8
INEX_LD-20120232	<dbpedia:Delta_blues>	7
INEX_LD-20120232	<dbpedia:Blues>	6
INEX_LD-20120232	<dbpedia:Origins_of_the_blues>	5
INEX_LD-20120232	<dbpedia:Green_Guitar_Blues>	4
INEX_LD-20120232	<dbpedia:Saint_Blues_Guitar_Workshop>	3
INEX_LD-20120232	<dbpedia:List_of_Chicago_blues_musicians>	2
INEX_LD-20120232	<dbpedia:Peavey_Delta_Blues_115>	1
INEX_LD-20120232	<dbpedia:Fender_Blues_Junior>	0
INEX_LD-20120311	<dbpedia:Tango_(1998_film)>	9
INEX_LD-20120311	<dbpedia:The_Tango_Lesson>	8
INEX_LD-20120311	<dbpedia:Tango_Feroz>	7
INEX_LD-20120311	<dbpedia:Tango_(1993_film)>	6
INEX_LD-20120311	<dbpedia:Tango_Bar>	5
INEX_LD-20120311	<dbpedia:12_Tangos>	4
INEX_LD-20120311	<dbpedia:The_Soul_of_a_Tango>	3
INEX_LD-20120311	<dbpedia:Tango_&_Cash>	2
INEX_LD-20120311	<dbpedia:Academia_El_Tango_Argentino>	1
INEX_LD-20120311	<dbpedia:Una_Historia_de_tango>	0
INEX_LD-20120312	<dbpedia:Tango>	9
INEX_LD-20120312	<dbpedia:History_of_the_tango>	8
INEX_LD-20120312	<dbpedia:Tango_music>	7
INEX_LD-20120312	<dbpedia:Academia_Nacional_del_Tango_de_la_República_Argentina>	6
INEX_LD-20120312	<dbpedia:Finnish_tango>	5
INEX_LD-20120312	<dbpedia:Tango-Amanohashidate-Ōeyama_Quasi-National_Park>	4
INEX_LD-20120312	<dbpedia:Argentine_tango>	3
INEX_LD-20120312	<dbpedia:Turkish_tango_music>	2
INEX_LD-20120312	<dbpedia:Uruguayan_tango>	1
INEX_LD-20120312	<dbpedia:Tango_(mythology)>	0
INEX_LD-20120321	<dbpedia:Mariano_Mores>	9
INEX_LD-20120321	<dbpedia:Tango_(Stravinsky)>	8
INEX_LD-20120321	<dbpedia:Mario_Maurano>	7
INEX_LD-20120321	<dbpedia:Carlos_Acuña>	6
INEX_LD-20120321	<dbpedia:Pablo_Ziegler>	5
INEX_LD-20120321	<dbpedia:Enrique_Santos_Discépolo>	4
INEX_LD-20120321	<dbpedia:Manuel_Campoamor>	3
INEX_LD-20120321	<dbpedia:Carlos_Libedinsky>	2
INEX_LD-20120321	<dbpedia:Francisco_Lomuto>	1
INEX_LD-20120321	<dbpedia:Histoire_du_Tango>	0
INEX_LD-20120331	<dbpedia:Ballroom_tango>	9
INEX_LD-20120331	<dbpedia:History_of_the_tango>	8
INEX_LD-20120331	<dbpedia:Milonguero_style>	7
INEX_LD-20120331	<dbpedia:Argentine_tango>	6
INEX_LD-20120331	<dbpedia:Tango_music>	5
INEX_LD-20120331	<dbpedia:Tangolates>	4
INEX_LD-20120331	<dbpedia:Tango>	3
INEX_LD-20120331	<dbpedia:Milonga_(dance)>	2
INEX_LD-20120331	<dbpedia:Finnish_tango>	1
INEX_LD-20120331	<dbpedia:Tango_(flamenco)>	0
INEX_LD-20120332	<dbpedia:History_of_the_tango>	9
INEX_LD-20120332	<dbpedia:Tango>	8
INEX_LD-20120332	<dbpedia:Tango_(Balanchine)>	7
INEX_LD-20120332	<dbpedia:Una_Historia_de_tango>	6
INEX_LD-20120332	<dbpedia:Histoire_du_Tango>	5
INEX_LD-20120332	<dbpedia:Antón_Gazenbeek>	4
INEX_LD-20120332	<dbpedia:Historia_del_tango>	3
INEX_LD-20120332	<dbpedia:Ballroom_tango>	2
INEX_LD-20120332	<dbpedia:Argentine_tango>	1
INEX_LD-20120332	<dbpedia:Turkish_tango_music>	0
INEX_LD-20120411	<dbpedia:Cycle_sport>	9
INEX_LD-20120411	<dbpedia:Road_bicycle_racing>	8
INEX_LD-20120411	<dbpedia:Rolling_Thunder_Cyclocross_Race>	7
INEX_LD-20120411	<dbpedia:Cycling_at_the_Summer_Olympics>	6
INEX_LD-20120411	<dbpedia:Cycling_at_the_2000_Summer_Olympics>	5
INEX_LD-20120411	<dbpedia:Bicycle_Race>	4
INEX_LD-20120411	<dbpedia:Racing_bicycle>	3
INEX_LD-20120411	<dbpedia:6_Day_Race>	2
INEX_LD-20120411	<dbpedia:Mountain_bike_racing>	1
INEX_LD-20120411	<dbpedia:Race_Horizon_Park>	0
INEX_LD-20120412	<dbpedia:Cycle_sport>	9
INEX_LD-20120412	<dbpedia:Cycling_at_the_2000_Summer_Olympics>	8
INEX_LD-20120412	<dbpedia:Cross-country_cycling>	7
INEX_LD-20120412	<dbpedia:Artistic_cycling>	6
INEX_LD-20120412	<dbpedia:Cycling_at_the_Summer_Universiade>	5
INEX_LD-20120412	<dbpedia:Cycling_Sport>	4
INEX_LD-20120412	<dbpedia:Bicycle_transportation_planning_and_engineering>	3
INEX_LD-20120412	<dbpedia:Road_cycling>	2
INEX_LD-20120412	<dbpedia:Cycle_ball>	1
INEX_LD-20120412	<dbpedia:Cycling_at_the_2016_Summer_Paralympics>	0
INEX_LD-20120421	<dbpedia:Cycling_demonstration_towns>	9
INEX_LD-20120421	<dbpedia:Holiday_Park,_Germany>	8
INEX_LD-20120421	<dbpedia:Cycling_in_Munich>	7
INEX_LD-20120421	<dbpedia:Cape_Town_Cycle_Tour>	6
INEX_LD-20120421	<dbpedia:Landal_Greenparks>	5
INEX_LD-20120421	<dbpedia:Les_Bois-Francs>	4
INEX_LD-20120421	<dbpedia:Holiday_Villages_of_Landal_Greenparks>	3
INEX_LD-20120421	<dbpedia:Bikecentennial>	2
INEX_LD-20120421	<dbpedia:Eleven_Cities_Cycling_Tour>	1
INEX_LD-20120421	<dbpedia:BikeTown_Africa>	0
INEX_LD-20120422	<dbpedia:Clorophilla>	9
INEX_LD-20120422	<dbpedia:Bikecentennial>	8
INEX_LD-20120422	<dbpedia:Bike_Friday>	7
INEX_LD-20120422	<dbpedia:BEE_Japan>	6
INEX_LD-20120422	<dbpedia:Cross_Country_Cycling_Classic>	5
INEX_LD-20120422	<dbpedia:Bike_Week_(Bicycle_Week)>	4
INEX_LD-20120422	<dbpedia:LOTOJA>	3
INEX_LD-20120422	<dbpedia:Fietsvierdaagse>	2
INEX_LD-20120422	<dbpedia:Tour_of_Nilgiris>	1
INEX_LD-20120422	<dbpedia:North_Star_Bicycle_Festival>	0
INEX_LD-20120431	<dbpedia:Bicycle_poverty_reduction>	9
INEX_LD-20120431	<dbpedia:Bicycle-friendly>	8
INEX_LD-20120431	<dbpedia:Utility_cycling>	7
INEX_LD-20120431	<dbpedia:Utility_bicycle>	6
INEX_LD-20120431	<dbpedia:Bicycling_and_feminism>	5
INEX_LD-20120431	<dbpedia:Bicycle_commuting>	4
INEX_LD-20120431	<dbpedia:Atlanta_Bicycle_Coalition>	3
INEX_LD-20120431	<dbpedia:Cycling_in_Illinois>	2
INEX_LD-20120431	<dbpedia:World_Bicycle_Relief>	1
INEX_LD-20120431	<dbpedia:Cycle_to_Work_scheme>	0
INEX_LD-20120511	<dbpedia:List_of_female_rock_singers>	9
INEX_LD-20120511	<dbpedia:Rock_Goddess>	8
INEX_LD-20120511	<dbpedia:Wanda_Jackson>	7
INEX_LD-20120511	<dbpedia:ROCKRGRL>	6
INEX_LD-20120511	<dbpedia:Magali_Luyten>	5
INEX_LD-20120511	<dbpedia:List_of_female_heavy_metal_singers>	4
INEX_LD-20120511	<dbpedia:Ann_Wilson>	3
INEX_LD-20120511	<dbpedia:Grammy_Award_for_Best_Female_Rock_Vocal_Performance>	2
INEX_LD-20120511	<dbpedia:Suzi_Quatro>	1
INEX_LD-20120511	<dbpedia:Tishma>	0
INEX_LD-20120512	<dbpedia:Apink>	9
INEX_LD-20120512	<dbpedia:Girls'_Generation>	8
INEX_LD-20120512	<dbpedia:Brave_Girls>	7
INEX_LD-20120512	<dbpedia:Wonder_Girls>	6
INEX_LD-20120512	<dbpedia:LPG_(South_Korean_band)>	5
INEX_LD-20120512	<dbpedia:List_of_South_Korean_idol_groups>	4
INEX_LD-20120512	<dbpedia:Bob_Girls>	3
INEX_LD-20120512	<dbpedia:Korea_Girl>	2
INEX_LD-20120512	<dbpedia:Red_Velvet_(band)>	1
INEX_LD-20120512	<dbpedia:Girls'_Generation-TTS>	0
INEX_LD-20120521	<dbpedia:List_of_electronic_music_genres>	9
INEX_LD-20120521	<dbpedia:Electronica>	8
INEX_LD-20120521	<dbpedia:Alternative_electronic>	7
INEX_LD-20120521	<dbpedia:German_electronic_music>	6
INEX_LD-20120521	<dbpedia:Electronicore>	5
INEX_LD-20120521	<dbpedia:List_of_Christian_dance,_electronic,_and_techno_artists>	4
INEX_LD-20120521	<dbpedia:Electronic_music>	3
INEX_LD-20120521	<dbpedia:Electro_(music)>	2
INEX_LD-20120521	<dbpedia:Electronic_dance_music>	1
INEX_LD-20120521	<dbpedia:Christian_electronic_dance_music>	0
INEX_LD-20120522	<dbpedia:MusicXML>	9
INEX_LD-20120522	<dbpedia:GUIDO_music_notation>	8
INEX_LD-20120522	<dbpedia:Common_Music_Notation>	7
INEX_LD-20120522	<dbpedia:List_of_Online_Digital_Musical_Document_Libraries>	6
INEX_LD-20120522	<dbpedia:Simplified_music_notation>	5
INEX_LD-20120522	<dbpedia:Digital_sheet_music>	4
INEX_LD-20120522	<dbpedia:Daseian_notation>	3
INEX_LD-20120522	<dbpedia:DLS_format>	2
INEX_LD-20120522	<dbpedia:Musical_notation>	1
INEX_LD-20120522	<dbpedia:Music_Works>	0
INEX_LD-20120531	<dbpedia:The_International_Music_Conference>	9
INEX_LD-20120531	<dbpedia:Millennium_Music_Conference>	8
INEX_LD-20120531	<dbpedia:Midwest_Clinic>	7
INEX_LD-20120531	<dbpedia:Winter_Music_Conference>	6
INEX_LD-20120531	<dbpedia:International_Computer_Music_Conference>	5
INEX_LD-20120531	<dbpedia:Americana_Music_Festival_&_Conference>	4
INEX_LD-20120531	<dbpedia:Atlantis_Music_Conference>	3
INEX_LD-20120531	<dbpedia:Musical_Arts_Conference>	2
INEX_LD-20120531	<dbpedia:International_Music_Summit>	1
INEX_LD-20120531	<dbpedia:MusicLearningLive>	0
INEX_LD-20120532	<dbpedia:International_Intellectual_Property_Alliance>	9
INEX_LD-20120532	<dbpedia:Intellectual_Property_Committee>	8
INEX_LD-20120532	<dbpedia:The_Intellectual_Property_Lawyers'_Organisation>	7
INEX_LD-20120532	<dbpedia:All_Party_Parliamentary_Intellectual_Property_Group>	6
INEX_LD-20120532	<dbpedia:Intellectual_property_organization>	5
INEX_LD-20120532	<dbpedia:Japan_Intellectual_Property_Association>	4
INEX_LD-20120532	<dbpedia:Intellectual_Property_Watch>	3
INEX_LD-20120532	<dbpedia:International_Association_for_the_Protection_of_Intellectual_Property>	2
INEX_LD-20120532	<dbpedia:Intellectual_Property_Law_Association_of_Chicago>	1
INEX_LD-20120532	<dbpedia:Chicago_Intellectual_Property_Alliance>	0
INEX_LD-2012301	<dbpedia:Niagara_Falls>	9
INEX_LD-2012301	<dbpedia:T_Lake_Falls>	8
INEX_LD-2012301	<dbpedia:Niagara_Falls,_Ontario>	7
INEX_LD-2012301	<dbpedia:Niagara_Falls_State_Park>	6
INEX_LD-2012301	<dbpedia:Niagara_Falls,_from_the_American_Side>	5
INEX_LD-2012301	<dbpedia:Niagara_River>	4
INEX_LD-2012301	<dbpedia:Table_Rock,_Niagara_Falls>	3
INEX_LD-2012301	<dbpedia:Niagara_Whirlpool>	2
INEX_LD-2012301	<dbpedia:Horseshoe_Falls>	1
INEX_LD-2012301	<dbpedia:Niagara_Falls_City_Hall>	0
INEX_LD-2012303	<dbpedia:Coccidioidomycosis>	9
INEX_LD-2012303	<dbpedia:Coccidioides>	8
INEX_LD-2012303	<dbpedia:Rift_Valley_fever>	7
INEX_LD-2012303	<dbpedia:Coccidioides_posadasii>	6
INEX_LD-2012303	<dbpedia:Tularemia>	5
INEX_LD-2012303	<dbpedia:Arthroconidium>	4
INEX_LD-2012303	<dbpedia:Yersinia_pseudotuberculosis>	3
INEX_LD-2012303	<dbpedia:Bayou_virus>	2
INEX_LD-2012303	<dbpedia:Campylocarpon_pseudofasciculare>	1
INEX_LD-2012303	<dbpedia:Bayoud_disease>	0
INEX_LD-2012305	<dbpedia:Red_River_of_the_North>	9
INEX_LD-2012305	<dbpedia:Green_River_(North_Dakota)>	8
INEX_LD-2012305	<dbpedia:Goose_River_(North_Dakota)>	7
INEX_LD-2012305	<dbpedia:Wild_Rice_River_(North_Dakota)>	6
INEX_LD-2012305	<dbpedia:Bois_de_Sioux_River>	5
INEX_LD-2012305	<dbpedia:Turtle_River_(North_Dakota)>	4
INEX_LD-2012305	<dbpedia:Little_Muddy_Creek_(North_Dakota)>	3
INEX_LD-2012305	<dbpedia:Little_Missouri_River_(North_Dakota)>	2
INEX_LD-2012305	<dbpedia:Dark_River_(Minnesota)>	1
INEX_LD-2012305	<dbpedia:Shallow_North_Dakota>	0
INEX_LD-2012309	<dbpedia:Burmese_Malays>	9
INEX_LD-2012309	<dbpedia:Malay_Peninsula>	8
INEX_LD-2012309	<dbpedia:Ethnic_Malays>	7
INEX_LD-2012309	<dbpedia:Peninsular_Malaysia>	6
INEX_LD-2012309	<dbpedia:Malaysian_Chinese>	5
INEX_LD-2012309	<dbpedia:Malaysian_Malay>	4
INEX_LD-2012309	<dbpedia:Seberang_Perai>	3
INEX_LD-2012309	<dbpedia:Johor_Bahru>	2
INEX_LD-2012309	<dbpedia:Malaysians>	1
INEX_LD-2012309	<dbpedia:Tanjung_Piai>	0
INEX_LD-2012311	<dbpedia:(Just_Like)_Starting_Over>	9
INEX_LD-2012311	<dbpedia:S.I.R._John_Winston_Ono_Lennon>	8
INEX_LD-2012311	<dbpedia:Yokokimthurston>	7
INEX_LD-2012311	<dbpedia:John_Lennon/Plastic_Ono_Band>	6
INEX_LD-2012311	<dbpedia:Season_of_Glass>	5
INEX_LD-2012311	<dbpedia:Double_Fantasy>	4
INEX_LD-2012311	<dbpedia:Rising_(Yoko_Ono_album)>	3
INEX_LD-2012311	<dbpedia:Unfinished_Music_No._1:_Two_Virgins>	2
INEX_LD-2012311	<dbpedia:Approximately_Infinite_Universe>	1
INEX_LD-2012311	<dbpedia:Rock_'n'_Roll_(John_Lennon_album)>	0
INEX_LD-2012313	<dbpedia:Barton_Fink>	9
INEX_LD-2012313	<dbpedia:John_Turturro>	8
INEX_LD-2012313	<dbpedia:David_Diliberto>	7
INEX_LD-2012313	<dbpedia:Miller's_Crossing>	6
INEX_LD-2012313	<dbpedia:List_of_accolades_received_by_True_Grit>	5
INEX_LD-2012313	<dbpedia:Coen_brothers>	4
INEX_LD-2012313	<dbpedia:True_Grit_(2010_film)>	3
INEX_LD-2012313	<dbpedia:Coen_brothers_filmography>	2
INEX_LD-2012313	<dbpedia:Intolerable_Cruelty>	1
INEX_LD-2012313	<dbpedia:Five_Corners_(film)>	0
INEX_LD-2012315	<dbpedia:Battle_of_Baguio_(1945)>	9
INEX_LD-2012315	<dbpedia:Baguio>	8
INEX_LD-2012315	<dbpedia:Treaty_of_Manila_(1946)>	7
INEX_LD-2012315	<dbpedia:Second_Philippine_Republic>	6
INEX_LD-2012315	<dbpedia:Quezon_City>	5
INEX_LD-2012315	<dbpedia:Battle_of_Manila_(1945)>	4
INEX_LD-2012315	<dbpedia:Philippine_Declaration_of_Independence>	3
INEX_LD-2012315	<dbpedia:Baguio_City_Federation_of_the_Sangguniang_Kabataan>	2
INEX_LD-2012315	<dbpedia:Legislative_district_of_Baguio>	1
INEX_LD-2012315	<dbpedia:Quezon_City_local_elections,_2013>	0
INEX_LD-2012317	<dbpedia:Sons_and_Lovers>	9
INEX_LD-2012317	<dbpedia:Dagger_of_Daggers>	8
INEX_LD-2012317	<dbpedia:The_Sharing_Knife>	7
INEX_LD-2012317	<dbpedia:Hnífur_Abrahams>	6
INEX_LD-2012317	<dbpedia:Black_Dagger_Brotherhood>	5
INEX_LD-2012317	<dbpedia:Beguilement>	4
INEX_LD-2012317	<dbpedia:Of_Love_and_Evil>	3
INEX_LD-2012317	<dbpedia:Dagger_in_the_Library>	2
INEX_LD-2012317	<dbpedia:The_Blinding_Knife>	1
INEX_LD-2012317	<dbpedia:The_Dragon's_Dagger>	0
INEX_LD-2012318	<dbpedia:William_C._Thompson>	9
INEX_LD-2012318	<dbpedia:Plan_10_from_Outer_Space>	8
INEX_LD-2012318	<dbpedia:Plan_9_from_Outer_Space>	7
INEX_LD-2012318	<dbpedia:I_Married_a_Monster_from_Outer_Space>	6
INEX_LD-2012318	<dbpedia:Glen_or_Glenda>	5
INEX_LD-2012318	<dbpedia:Bride_of_the_Monster>	4
INEX_LD-2012318	<dbpedia:The_Atomic_Space_Bug>	3
INEX_LD-2012318	<dbpedia:Fire_Maidens_from_Outer_Space>	2
INEX_LD-2012318	<dbpedia:Invasion_of_the_Saucer_Men>	1
INEX_LD-2012318	<dbpedia:Plan_9_from_Outer_Space_(video_game)>	0
INEX_LD-2012319	<dbpedia:Open_Secrets>	9
INEX_LD-2012319	<dbpedia:Selected_Stories>	8
INEX_LD-2012319	<dbpedia:Alice_Munro>	7
INEX_LD-2012319	<dbpedia:Dear_Life>	6
INEX_LD-2012319	<dbpedia:Dance_of_the_Happy_Shades>	5
INEX_LD-2012319	<dbpedia:List_of_short_stories_by_Alice_Munro>	4
INEX_LD-2012319	<dbpedia:Vintage_Munro>	3
INEX_LD-2012319	<dbpedia:Too_Much_Happiness>	2
INEX_LD-2012319	<dbpedia:The_Love_of_a_Good_Woman>	1
INEX_LD-2012319	<dbpedia:Friend_of_My_Youth>	0
INEX_LD-2012321	<dbpedia:Stamford_Raffles>	9
INEX_LD-2012321	<dbpedia:Raffles_City>	8
INEX_LD-2012321	<dbpedia:Raffles'_Landing_Site>	7
INEX_LD-2012321	<dbpedia:Tanjung_Langsat_Port>	6
INEX_LD-2012321	<dbpedia:Kuantan_Port>	5
INEX_LD-2012321	<dbpedia:Port_of_Singapore>	4
INEX_LD-2012321	<dbpedia:Port_Office,_Brisbane>	3
INEX_LD-2012321	<dbpedia:Jurong_Port>	2
INEX_LD-2012321	<dbpedia:Port_of_Tanjung_Priok>	1
INEX_LD-2012321	<dbpedia:Founding_of_modern_Singapore>	0
INEX_LD-2012323	<dbpedia:Hofsjökull>	9
INEX_LD-2012323	<dbpedia:Langjökull>	8
INEX_LD-2012323	<dbpedia:Vatnajökull>	7
INEX_LD-2012323	<dbpedia:Hoffellsjökull>	6
INEX_LD-2012323	<dbpedia:Dyngjujökull>	5
INEX_LD-2012323	<dbpedia:Eyjafjallajökull>	4
INEX_LD-2012323	<dbpedia:Geitlandsjökull>	3
INEX_LD-2012323	<dbpedia:Gihtsejiegŋa>	2
INEX_LD-2012323	<dbpedia:Eiríksjökull>	1
INEX_LD-2012323	<dbpedia:Sulitjelmaisen>	0
INEX_LD-2012325	<dbpedia:James_G._Blaine>	9
INEX_LD-2012325	<dbpedia:James_Clark_McReynolds>	8
INEX_LD-2012325	<dbpedia:James_O._Freedman>	7
INEX_LD-2012325	<dbpedia:Austin_Abbott>	6
INEX_LD-2012325	<dbpedia:Electoral_history_of_James_G._Blaine>	5
INEX_LD-2012325	<dbpedia:James_K._Batchelder>	4
INEX_LD-2012325	<dbpedia:James_Francis_Thaddeus_O'Connor>	3
INEX_LD-2012325	<dbpedia:James_Gilfillan>	2
INEX_LD-2012325	<dbpedia:James_A._Garfield>	1
INEX_LD-2012325	<dbpedia:John_J._Blaine>	0
INEX_LD-2012327	<dbpedia:Albery_Allson_Whitman>	9
INEX_LD-2012327	<dbpedia:Charles_R._Johnson>	8
INEX_LD-2012327	<dbpedia:Richard_Wright_(author)>	7
INEX_LD-2012327	<dbpedia:Ernest_J._Gaines>	6
INEX_LD-2012327	<dbpedia:Wole_Soyinka_Prize_for_Literature_in_Africa>	5
INEX_LD-2012327	<dbpedia:Henry_Dumas>	4
INEX_LD-2012327	<dbpedia:Philip_Lee_Williams>	3
INEX_LD-2012327	<dbpedia:Margaret_Walker>	2
INEX_LD-2012327	<dbpedia:Patrick_D._Smith>	1
INEX_LD-2012327	<dbpedia:Erskine_Caldwell>	0
INEX_LD-2012329	<dbpedia:Icelandic_króna>	9
INEX_LD-2012329	<dbpedia:Faroese_króna>	8
INEX_LD-2012329	<dbpedia:Swedish_krona>	7
INEX_LD-2012329	<dbpedia:Swedish_riksdaler>	6
INEX_LD-2012329	<dbpedia:Central_Bank_of_Iceland>	5
INEX_LD-2012329	<dbpedia:Sweden_and_the_euro>	4
INEX_LD-2012329	<dbpedia:Scandinavian_Monetary_Union>	3
INEX_LD-2012329	<dbpedia:Swedish_penning>	2
INEX_LD-2012329	<dbpedia:Norwegian_rigsdaler>	1
INEX_LD-2012329	<dbpedia:Norwegian_speciedaler>	0
INEX_LD-2012331	<dbpedia:Hedong_Korean_Ethnic_Township>	9
INEX_LD-2012331	<dbpedia:Ari-soo>	8
INEX_LD-2012331	<dbpedia:Koreans_in_China>	7
INEX_LD-2012331	<dbpedia:Jungnangcheon>	6
INEX_LD-2012331	<dbpedia:Ai_River_(Dandong)>	5
INEX_LD-2012331	<dbpedia:Chinese_people_in_Korea>	4
INEX_LD-2012331	<dbpedia:Han_River_(Korea)>	3
INEX_LD-2012331	<dbpedia:Nakdong_River>	2
INEX_LD-2012331	<dbpedia:Mapo_Bridge>	1
INEX_LD-2012331	<dbpedia:West_Nakdong_River>	0
INEX_LD-2012333	<dbpedia:Wilfrid_Laurier>	9
INEX_LD-2012333	<dbpedia:Leslie_Frost>	8
INEX_LD-2012333	<dbpedia:Lucien_Lamoureux>	7
INEX_LD-2012333	<dbpedia:John_Graham_Haggart>	6
INEX_LD-2012333	<dbpedia:Guy_Charbonneau>	5
INEX_LD-2012333	<dbpedia:Azellus_Denis>	4
INEX_LD-2012333	<dbpedia:William_Lyon_Mackenzie_King>	3
INEX_LD-2012333	<dbpedia:John_Diefenbaker>	2
INEX_LD-2012333	<dbpedia:William_Gilbert_Weir>	1
INEX_LD-2012333	<dbpedia:Arthur_Meighen>	0
INEX_LD-2012335	<dbpedia:U.S._and_Japan_Mutual_Defense_Assistance_Agreement>	9
INEX_LD-2012335	<dbpedia:International_Commission_on_Nuclear_Non-proliferation_and_Disarmament>	8
INEX_LD-2012335	<dbpedia:U.S.–Japan_Status_of_Forces_Agreement>	7
INEX_LD-2012335	<dbpedia:Security_Treaty_Between_the_United_States_and_Japan>	6
INEX_LD-2012335	<dbpedia:US_Initial_Post-Surrender_Policy_for_Japan>	5
INEX_LD-2012335	<dbpedia:Japanese_nuclear_weapon_program>	4
INEX_LD-2012335	<dbpedia:Japan's_non-nuclear_weapons_policy>	3
INEX_LD-2012335	<dbpedia:United_States-Japan_Joint_Nuclear_Energy_Action_Plan>	2
INEX_LD-2012335	<dbpedia:Japan–North_Korea_Pyongyang_Declaration>	1
INEX_LD-2012335	<dbpedia:Japan_and_weapons_of_mass_destruction>	0
INEX_LD-2012337	<dbpedia:1953_Waco_tornado_outbreak>	9
INEX_LD-2012337	<dbpedia:Late-May_1957_tornado_outbreak>	8
INEX_LD-2012337	<dbpedia:1922_Austin_twin_tornadoes>	7
INEX_LD-2012337	<dbpedia:1997_Central_Texas_tornado_outbreak>	6
INEX_LD-2012337	<dbpedia:Early-April_1957_tornado_outbreak_sequence>	5
INEX_LD-2012337	<dbpedia:1979_Red_River_Valley_tornado_outbreak>	4
INEX_LD-2012337	<dbpedia:1953_Worcester_tornado>	3
INEX_LD-2012337	<dbpedia:March_1952_Southern_United_States_tornado_outbreak>	2
INEX_LD-2012337	<dbpedia:April_20–22,_1912_tornado_outbreak>	1
INEX_LD-2012337	<dbpedia:1970_Lubbock_tornado>	0
INEX_LD-2012339	<dbpedia:John_Langalibalele_Dube>	9
INEX_LD-2012339	<dbpedia:Dube,_South_Africa>	8
INEX_LD-2012339	<dbpedia:Nelson_Mandela>	7
INEX_LD-2012339	<dbpedia:Ohlange_High_School>	6
INEX_LD-2012339	<dbpedia:William_Cullen_Wilcox>	5
INEX_LD-2012339	<dbpedia:Nokutela_Dube>	4
INEX_LD-2012339	<dbpedia:Edward_Dube>	3
INEX_LD-2012339	<dbpedia:Dube_on_2>	2
INEX_LD-2012339	<dbpedia:List_of_awards_and_honours_bestowed_upon_Nelson_Mandela>	1
INEX_LD-2012339	<dbpedia:Frederick_John_Harris>	0
INEX_LD-2012341	<dbpedia:Houston_Airport_System>	9
INEX_LD-2012341	<dbpedia:Houston_International_Airport>	8
INEX_LD-2012341	<dbpedia:Lewis_Wesley_Cutrer>	7
INEX_LD-2012341	<dbpedia:William_P._Hobby_Airport>	6
INEX_LD-2012341	<dbpedia:Houston_Airport>	5
INEX_LD-2012341	<dbpedia:George_Bush_Intercontinental_Airport>	4
INEX_LD-2012341	<dbpedia:List_of_Presidents_of_the_University_of_Houston>	3
INEX_LD-2012341	<dbpedia:Houston_mayoral_election,_1997>	2
INEX_LD-2012341	<dbpedia:West_Houston_Airport>	1
INEX_LD-2012341	<dbpedia:Joe_Rollins>	0
INEX_LD-2012345	<dbpedia:James_Tague>	9
INEX_LD-2012345	<dbpedia:Assassination_of_John_F._Kennedy>	8
INEX_LD-2012345	<dbpedia:Phillip_Willis>	7
INEX_LD-2012345	<dbpedia:Lee_Harvey_Oswald>	6
INEX_LD-2012345	<dbpedia:Texas_Theatre>	5
INEX_LD-2012345	<dbpedia:Howard_Brennan>	4
INEX_LD-2012345	<dbpedia:Pictures_of_the_Pain>	3
INEX_LD-2012345	<dbpedia:Lee_Bowers>	2
INEX_LD-2012345	<dbpedia:Reactions_to_the_assassination_of_John_F._Kennedy>	1
INEX_LD-2012345	<dbpedia:Charles_Brehm>	0
INEX_LD-2012349	<dbpedia:Alexander_Nevsky_Cathedral,_Sofia>	9
INEX_LD-2012349	<dbpedia:Alexander_Nevsky_Cathedral,_Izhevsk>	8
INEX_LD-2012349	<dbpedia:Alexander_Nevsky_Cathedral,_Tallinn>	7
INEX_LD-2012349	<dbpedia:Alexander_Nevsky_Cathedral,_Baku>	6
INEX_LD-2012349	<dbpedia:Alexander_Nevsky_Cathedral,_Tiflis>	5
INEX_LD-2012349	<dbpedia:Monument_to_the_Tsar_Liberator>	4
INEX_LD-2012349	<dbpedia:Alexander_Nevsky_Memorial_Church>	3
INEX_LD-2012349	<dbpedia:Dormition_of_the_Mother_of_God_Cathedral,_Varna>	2
INEX_LD-2012349	<dbpedia:Hagia_Sophia_Church,_Nesebar>	1
INEX_LD-2012349	<dbpedia:Alexander_Nevsky_Cathedral,_Paris>	0
INEX_LD-2012353	<dbpedia:Languages_of_Germany>	9
INEX_LD-2012353	<dbpedia:German_Standard_German>	8
INEX_LD-2012353	<dbpedia:German_language>	7
INEX_LD-2012353	<dbpedia:German_language_in_Namibia>	6
INEX_LD-2012353	<dbpedia:List_of_territorial_entities_where_German_is_an_official_language>	5
INEX_LD-2012353	<dbpedia:Geographical_distribution_of_German_speakers>	4
INEX_LD-2012353	<dbpedia:German_language_in_the_United_States>	3
INEX_LD-2012353	<dbpedia:Low_German>	2
INEX_LD-2012353	<dbpedia:German_Sign_Language>	1
INEX_LD-2012353	<dbpedia:High_German_languages>	0
INEX_LD-2012354	<dbpedia:Paul_Kossoff>	9
INEX_LD-2012354	<dbpedia:Ivan_Nikolayevich_Smirnov>	8
INEX_LD-2012354	<dbpedia:Slobodan_Kovačević>	7
INEX_LD-2012354	<dbpedia:Robert_Johnson_(guitars)>	6
INEX_LD-2012354	<dbpedia:Redd_Volkaert>	5
INEX_LD-2012354	<dbpedia:Great_Guitars>	4
INEX_LD-2012354	<dbpedia:Death_of_Jimi_Hendrix>	3
INEX_LD-2012354	<dbpedia:George_Lynch_(musician)>	2
INEX_LD-2012354	<dbpedia:Jimi_Hendrix>	1
INEX_LD-2012354	<dbpedia:Dick_Rosmini>	0
INEX_LD-2012355	<dbpedia:Gordon_Taylor_(footballer)>	9
INEX_LD-2012355	<dbpedia:Jimmy_Greaves>	8
INEX_LD-2012355	<dbpedia:John_Bennetts>	7
INEX_LD-2012355	<dbpedia:Geoff_Hurst>	6
INEX_LD-2012355	<dbpedia:Trevor_Francis>	5
INEX_LD-2012355	<dbpedia:Gary_Talbot>	4
INEX_LD-2012355	<dbpedia:Tony_Kay>	3
INEX_LD-2012355	<dbpedia:Jackie_Sewell>	2
INEX_LD-2012355	<dbpedia:Paul_Fletcher_(footballer)>	1
INEX_LD-2012355	<dbpedia:Odafa_Onyeka_Okolie>	0
INEX_LD-2012357	<dbpedia:Irina_Kolpakova>	9
INEX_LD-2012357	<dbpedia:Natalia_Bessmertnova>	8
INEX_LD-2012357	<dbpedia:Alla_Osipenko>	7
INEX_LD-2012357	<dbpedia:Yekaterina_Geltzer>	6
INEX_LD-2012357	<dbpedia:Natalia_Makarova>	5
INEX_LD-2012357	<dbpedia:Evgenia_Obraztsova>	4
INEX_LD-2012357	<dbpedia:Marina_Semyonova>	3
INEX_LD-2012357	<dbpedia:Svetlana_Zakharova_(dancer)>	2
INEX_LD-2012357	<dbpedia:Larisa_Golubkina>	1
INEX_LD-2012357	<dbpedia:Sofia_Golovkina>	0
INEX_LD-2012359	<dbpedia:Bob_Ricker>	9
INEX_LD-2012359	<dbpedia:Dan_Gross_(activist)>	8
INEX_LD-2012359	<dbpedia:Dudley_Brown>	7
INEX_LD-2012359	<dbpedia:Larry_Pratt>	6
INEX_LD-2012359	<dbpedia:Wayne_LaPierre>	5
INEX_LD-2012359	<dbpedia:John_C._Sigler>	4
INEX_LD-2012359	<dbpedia:Robert_A._Levy>	3
INEX_LD-2012359	<dbpedia:Nick_Rathod>	2
INEX_LD-2012359	<dbpedia:American_State_Legislators_for_Gun_Violence_Prevention>	1
INEX_LD-2012359	<dbpedia:Bob_Ricks>	0
INEX_LD-2012361	<dbpedia:John_Legend>	9
INEX_LD-2012361	<dbpedia:Karel_Gott>	8
INEX_LD-2012361	<dbpedia:Kumar_Sanu>	7
INEX_LD-2012361	<dbpedia:Halid_Muslimović>	6
INEX_LD-2012361	<dbpedia:Aurelian_Andreescu>	5
INEX_LD-2012361	<dbpedia:Jorge_Negrete>	4
INEX_LD-2012361	<dbpedia:Al_Martino>	3
INEX_LD-2012361	<dbpedia:Dietrich_Fischer-Dieskau>	2
INEX_LD-2012361	<dbpedia:Lars_Lönndahl>	1
INEX_LD-2012361	<dbpedia:Yūya_Uchida_(singer/actor)>	0
INEX_LD-2012365	<dbpedia:Margaret_MacVicar>	9
INEX_LD-2012365	<dbpedia:Anant_Agarwal>	8
INEX_LD-2012365	<dbpedia:Salil_Vadhan>	7
INEX_LD-2012365	<dbpedia:Diane_Souvaine>	6
INEX_LD-2012365	<dbpedia:Silvio_Micali>	5
INEX_LD-2012365	<dbpedia:Arvind_(computer_scientist)>	4
INEX_LD-2012365	<dbpedia:K._Mani_Chandy>	3
INEX_LD-2012365	<dbpedia:Marc_Snir>	2
INEX_LD-2012365	<dbpedia:James_(Mac)_Hyman>	1
INEX_LD-2012365	<dbpedia:Tomaso_Poggio>	0
INEX_LD-2012367	<dbpedia:History_of_the_telescope>	9
INEX_LD-2012367	<dbpedia:Newtonian_telescope>	8
INEX_LD-2012367	<dbpedia:Zacharias_Janssen>	7
INEX_LD-2012367	<dbpedia:Juan_Roget>	6
INEX_LD-2012367	<dbpedia:Shuckburgh_telescope>	5
INEX_LD-2012367	<dbpedia:Newton's_reflector>	4
INEX_LD-2012367	<dbpedia:Gregorian_telescope>	3
INEX_LD-2012367	<dbpedia:William_Kitchiner>	2
INEX_LD-2012367	<dbpedia:Telescope>	1
INEX_LD-2012367	<dbpedia:Dmitry_Dmitrievich_Maksutov>	0
INEX_LD-2012369	<dbpedia:Adolfo_Suárez_Madrid–Barajas_Airport>	9
INEX_LD-2012369	<dbpedia:Generalissimo_Francisco_de_Miranda_Air_Base>	8
INEX_LD-2012369	<dbpedia:Ajdovščina_Airport>	7
INEX_LD-2012369	<dbpedia:Cerklje_ob_Krki_Airport>	6
INEX_LD-2012369	<dbpedia:Nuremberg_Airport>	5
INEX_LD-2012369	<dbpedia:Leonardo_da_Vinci–Fiumicino_Airport>	4
INEX_LD-2012369	<dbpedia:Morava_Airport>	3
INEX_LD-2012369	<dbpedia:Robert_Mueller_Municipal_Airport>	2
INEX_LD-2012369	<dbpedia:Newark_Metropolitan_Airport_Buildings>	1
INEX_LD-2012369	<dbpedia:Mayor_General_FAP_Armando_Revoredo_Iglesias_Airport>	0
INEX_LD-2012371	<dbpedia:Gare_de_Metz-Ville>	9
INEX_LD-2012371	<dbpedia:Lviv_Railway_station>	8
INEX_LD-2012371	<dbpedia:Cité_du_Train>	7
INEX_LD-2012371	<dbpedia:Leipzig_Hauptbahnhof>	6
INEX_LD-2012371	<dbpedia:New_Delhi_railway_station>	5
INEX_LD-2012371	<dbpedia:Huế_Railway_Station>	4
INEX_LD-2012371	<dbpedia:Novosibirsk_Railway_station>	3
INEX_LD-2012371	<dbpedia:Railway_stations_in_Milan>	2
INEX_LD-2012371	<dbpedia:Tanggula_Railway_Station>	1
INEX_LD-2012371	<dbpedia:Tehran_railway_station>	0
INEX_LD-2012372	<dbpedia:Battlefield_Britain>	9
INEX_LD-2012372	<dbpedia:Battlefield_Heritage_Park>	8
INEX_LD-2012372	<dbpedia:Registered_Battlefields_(UK)>	7
INEX_LD-2012372	<dbpedia:The_Battlefield_(1985_TV_series)>	6
INEX_LD-2012372	<dbpedia:Great_Battles>	5
INEX_LD-2012372	<dbpedia:Battlefield_(TV_series)>	4
INEX_LD-2012372	<dbpedia:Battlefield_House_(Stoney_Creek)>	3
INEX_LD-2012372	<dbpedia:Battles_BC>	2
INEX_LD-2012372	<dbpedia:History_of_Warfare_Series>	1
INEX_LD-2012372	<dbpedia:Historical_medieval_battles>	0
INEX_LD-2012373	<dbpedia:Some_Birds_Can't_Fly>	9
INEX_LD-2012373	<dbpedia:List_of_soaring_birds>	8
INEX_LD-2012373	<dbpedia:Bird_flight>	7
INEX_LD-2012373	<dbpedia:Flightless_bird>	6
INEX_LD-2012373	<dbpedia:Bird_strike>	5
INEX_LD-2012373	<dbpedia:Bird_control>	4
INEX_LD-2012373	<dbpedia:Innocent_Bird>	3
INEX_LD-2012373	<dbpedia:Bird_feet_and_legs>	2
INEX_LD-2012373	<dbpedia:Bird_anatomy>	1
INEX_LD-2012373	<dbpedia:Flying_High_Bird_Sanctuary>	0
INEX_LD-2012377	<dbpedia:Causes_of_World_War_I>	9
INEX_LD-2012377	<dbpedia:List_of_Medal_of_Honor_recipients_for_World_War_I>	8
INEX_LD-2012377	<dbpedia:World_War_I>	7
INEX_LD-2012377	<dbpedia:Sidney_Bradshaw_Fay>	6
INEX_LD-2012377	<dbpedia:Centre_for_the_Study_of_the_Causes_of_the_War>	5
INEX_LD-2012377	<dbpedia:Anglo-German_naval_arms_race>	4
INEX_LD-2012377	<dbpedia:Turpinite>	3
INEX_LD-2012377	<dbpedia:Fritz_Fischer>	2
INEX_LD-2012377	<dbpedia:World_War_I_casualties>	1
INEX_LD-2012377	<dbpedia:Falsehood_in_War-Time>	0
INEX_LD-2012381	<dbpedia:Block_Busters>	9
INEX_LD-2012381	<dbpedia:Attack_the_Block>	8
INEX_LD-2012381	<dbpedia:Block_Buster!>	7
INEX_LD-2012381	<dbpedia:Block_Buster_(Microvision)>	6
INEX_LD-2012381	<dbpedia:Blockhead_(film)>	5
INEX_LD-2012381	<dbpedia:Around_the_Block_(film)>	4
INEX_LD-2012381	<dbpedia:Block-Heads>	3
INEX_LD-2012381	<dbpedia:16_Blocks>	2
INEX_LD-2012381	<dbpedia:Bad_Day_on_the_Block>	1
INEX_LD-2012381	<dbpedia:Doug_Block>	0
INEX_LD-2012383	<dbpedia:Jim_Gray_(computer_scientist)>	9
INEX_LD-2012383	<dbpedia:Disappearance_of_George_Smith>	8
INEX_LD-2012383	<dbpedia:Boris_Weisfeiler>	7
INEX_LD-2012383	<dbpedia:Nico_Habermann>	6
INEX_LD-2012383	<dbpedia:Peter_Killworth>	5
INEX_LD-2012383	<dbpedia:Angus_Primrose>	4
INEX_LD-2012383	<dbpedia:Bruce_Arden>	3
INEX_LD-2012383	<dbpedia:John_P._Craven>	2
INEX_LD-2012383	<dbpedia:Jon_Mathews>	1
INEX_LD-2012383	<dbpedia:Edmund_Berkeley>	0
INEX_LD-2012385	<dbpedia:Howard_Williams_(humanitarian)>	9
INEX_LD-2012385	<dbpedia:Christopher_Fettes>	8
INEX_LD-2012385	<dbpedia:Symon_Gould>	7
INEX_LD-2012385	<dbpedia:Natasja_Oerlemans>	6
INEX_LD-2012385	<dbpedia:American_Vegetarian_Party>	5
INEX_LD-2012385	<dbpedia:Bruce_Friedrich>	4
INEX_LD-2012385	<dbpedia:Political_Animals_(miniseries)>	3
INEX_LD-2012385	<dbpedia:Thupten_Phelgye>	2
INEX_LD-2012385	<dbpedia:Herbert_M._Shelton>	1
INEX_LD-2012385	<dbpedia:William_Cowherd>	0
INEX_LD-2012387	<dbpedia:Paradise_Dam_(Montana)>	9
INEX_LD-2012387	<dbpedia:Bridge_Canyon_Dam>	8
INEX_LD-2012387	<dbpedia:Lianghekou_Dam>	7
INEX_LD-2012387	<dbpedia:Ashfork-Bainbridge_Steel_Dam>	6
INEX_LD-2012387	<dbpedia:Riverside_Diversion_Dam>	5
INEX_LD-2012387	<dbpedia:Franklin_Dam_controversy>	4
INEX_LD-2012387	<dbpedia:Duncan_Dam>	3
INEX_LD-2012387	<dbpedia:Carcoar_Dam>	2
INEX_LD-2012387	<dbpedia:Glacier_View_Dam>	1
INEX_LD-2012387	<dbpedia:Holtwood_Dam>	0
INEX_LD-2012389	<dbpedia:List_of_sharks_and_batoids_found_from_territorial_waters_of_Sri_Lanka>	9
INEX_LD-2012389	<dbpedia:Gulf_wobbegong>	8
INEX_LD-2012389	<dbpedia:2010_Sharm_el-Sheikh_shark_attacks>	7
INEX_LD-2012389	<dbpedia:Sand_tiger_shark>	6
INEX_LD-2012389	<dbpedia:Smoothtooth_blacktip_shark>	5
INEX_LD-2012389	<dbpedia:Shark_(moth)>	4
INEX_LD-2012389	<dbpedia:Albay_Gulf>	3
INEX_LD-2012389	<dbpedia:Hooktooth_shark>	2
INEX_LD-2012389	<dbpedia:List_of_sharks_in_the_Red_Sea>	1
INEX_LD-2012389	<dbpedia:Spotted_wobbegong>	0
INEX_LD-2012390	<dbpedia:Kyle_Russell>	9
INEX_LD-2012390	<dbpedia:Jeff_Kent>	8
INEX_LD-2012390	<dbpedia:List_of_Major_League_Baseball_leaders_in_RBI_in_one_inning>	7
INEX_LD-2012390	<dbpedia:Hank_Aaron_Award>	6
INEX_LD-2012390	<dbpedia:Homer_in_the_Gloamin'>	5
INEX_LD-2012390	<dbpedia:List_of_Major_League_Baseball_single-game_home_run_leaders>	4
INEX_LD-2012390	<dbpedia:List_of_Major_League_Baseball_career_hits_leaders>	3
INEX_LD-2012390	<dbpedia:Southern_League_Most_Valuable_Player_Award>	2
INEX_LD-2012390	<dbpedia:Rickey_Henderson>	1
INEX_LD-2012390	<dbpedia:Honus_Wagner>	0
INEX_XER-106	<dbpedia:Ralph_de_Stafford,_1st_Earl_of_Stafford>	9
INEX_XER-106	<dbpedia:Paon_de_Roet>	8
INEX_XER-106	<dbpedia:Robert_Willoughby,_6th_Baron_Willoughby_de_Eresby>	7
INEX_XER-106	<dbpedia:Sir_Hugh_Luttrell>	6
INEX_XER-106	<dbpedia:John_Darras>	5
INEX_XER-106	<dbpedia:John_FitzAlan,_14th_Earl_of_Arundel>	4
INEX_XER-106	<dbpedia:Jean_de_Wavrin>	3
INEX_XER-106	<dbpedia:Thomas_Holland,_1st_Earl_of_Kent>	2
INEX_XER-106	<dbpedia:Thomas_de_Scales,_7th_Baron_Scales>	1
INEX_XER-106	<dbpedia:Robert_Knolles>	0
INEX_XER-108	<dbpedia:List_of_capitals_in_the_United_States>	9
INEX_XER-108	<dbpedia:United_States>	8
INEX_XER-108	<dbpedia:List_of_state_capitols_in_the_United_States>	7
INEX_XER-108	<dbpedia:List_of_states_and_territories_of_the_United_States>	6
INEX_XER-108	<dbpedia:Washington,_D.C.>	5
INEX_XER-108	<dbpedia:American_Capital_of_Culture>	4
INEX_XER-108	<dbpedia:List_of_capitals_of_states_of_Mexico>	3
INEX_XER-108	<dbpedia:List_of_cities_in_the_United_States>	2
INEX_XER-108	<dbpedia:Outline_of_Washington,_D.C.>	1
INEX_XER-108	<dbpedia:Geography_of_the_United_States>	0
INEX_XER-109	<dbpedia:Atlantic_Islands_of_Galicia_National_Park>	9
INEX_XER-109	<dbpedia:List_of_national_capitals_in_alphabetical_order>	8
INEX_XER-109	<dbpedia:Glénan_Islands>	7
INEX_XER-109	<dbpedia:Family_Islands_National_Park>	6
INEX_XER-109	<dbpedia:Hundred_Islands_National_Park>	5
INEX_XER-109	<dbpedia:Ngerulmud>	4
INEX_XER-109	<dbpedia:Marquesas_Islands>	3
INEX_XER-109	<dbpedia:List_of_national_capitals_by_latitude>	2
INEX_XER-109	<dbpedia:National_Heroes_Square>	1
INEX_XER-109	<dbpedia:Geography_of_the_British_Virgin_Islands>	0
INEX_XER-110	<dbpedia:Seamus_Heaney>	9
INEX_XER-110	<dbpedia:Vicente_Aleixandre>	8
INEX_XER-110	<dbpedia:Karl_Adolph_Gjellerup>	7
INEX_XER-110	<dbpedia:Poet-diplomat>	6
INEX_XER-110	<dbpedia:List_of_Nobel_laureates_in_Literature>	5
INEX_XER-110	<dbpedia:José_Saramago>	4
INEX_XER-110	<dbpedia:António_Correia_de_Oliveira>	3
INEX_XER-110	<dbpedia:Nobel_Prize_in_Literature>	2
INEX_XER-110	<dbpedia:Knut_Hamsun>	1
INEX_XER-110	<dbpedia:Erik_Axel_Karlfeldt>	0
INEX_XER-113	<dbpedia:1983_Monaco_Grand_Prix>	9
INEX_XER-113	<dbpedia:2011_Monaco_Grand_Prix>	8
INEX_XER-113	<dbpedia:1973_Monaco_Grand_Prix>	7
INEX_XER-113	<dbpedia:1998_Monaco_Grand_Prix>	6
INEX_XER-113	<dbpedia:1978_Monaco_Grand_Prix>	5
INEX_XER-113	<dbpedia:2008_Monaco_Grand_Prix>	4
INEX_XER-113	<dbpedia:2009_Monaco_Grand_Prix>	3
INEX_XER-113	<dbpedia:1979_Monaco_Grand_Prix>	2
INEX_XER-113	<dbpedia:1966_Monaco_Grand_Prix>	1
INEX_XER-113	<dbpedia:2006_Monaco_Grand_Prix>	0
INEX_XER-114	<dbpedia:2007_European_Grand_Prix>	9
INEX_XER-114	<dbpedia:2008_European_Grand_Prix>	8
INEX_XER-114	<dbpedia:2009_European_Grand_Prix>	7
INEX_XER-114	<dbpedia:2011_European_Grand_Prix>	6
INEX_XER-114	<dbpedia:1997_European_Grand_Prix>	5
INEX_XER-114	<dbpedia:1999_European_Grand_Prix>	4
INEX_XER-114	<dbpedia:2012_European_Grand_Prix>	3
INEX_XER-114	<dbpedia:2001_European_Grand_Prix>	2
INEX_XER-114	<dbpedia:1995_European_Grand_Prix>	1
INEX_XER-114	<dbpedia:European_Formula_Two_Championship>	0
INEX_XER-115	<dbpedia:List_of_Formula_One_World_Constructors'_Champions>	9
INEX_XER-115	<dbpedia:List_of_Formula_One_World_Constructors'_Championship_runners-up>	8
INEX_XER-115	<dbpedia:List_of_Formula_One_World_Drivers'_Champions>	7
INEX_XER-115	<dbpedia:List_of_Formula_One_Grand_Prix_winners_(constructors)>	6
INEX_XER-115	<dbpedia:Formula_One_drivers_from_Brazil>	5
INEX_XER-115	<dbpedia:List_of_Formula_One_constructors>	4
INEX_XER-115	<dbpedia:Formula_One_Constructors'_Association>	3
INEX_XER-115	<dbpedia:Hesketh_Racing>	2
INEX_XER-115	<dbpedia:List_of_Formula_One_World_Drivers'_Championship_runners-up>	1
INEX_XER-115	<dbpedia:2005_Formula_One_season>	0
INEX_XER-116	<dbpedia:Rita_Levi-Montalcini>	9
INEX_XER-116	<dbpedia:Giulio_Natta>	8
INEX_XER-116	<dbpedia:Grazia_Deledda>	7
INEX_XER-116	<dbpedia:Salvador_Luria>	6
INEX_XER-116	<dbpedia:Renato_Dulbecco>	5
INEX_XER-116	<dbpedia:Franco_Modigliani>	4
INEX_XER-116	<dbpedia:Alfredo_di_Braccio_Award>	3
INEX_XER-116	<dbpedia:Eugenio_Montale>	2
INEX_XER-116	<dbpedia:Mario_Capecchi>	1
INEX_XER-116	<dbpedia:Salvatore_Quasimodo>	0
INEX_XER-117	<dbpedia:The_Blues_Brothers_(film)>	9
INEX_XER-117	<dbpedia:Blues_Brothers_2000>	8
INEX_XER-117	<dbpedia:Blues_Brothers_2000_(soundtrack)>	7
INEX_XER-117	<dbpedia:The_Blues_Brothers_(novel)>	6
INEX_XER-117	<dbpedia:The_Blues_Brothers>	5
INEX_XER-117	<dbpedia:List_of_films_about_blues_music>	4
INEX_XER-117	<dbpedia:Blues_Brothers:_Private>	3
INEX_XER-117	<dbpedia:Jammin'_the_Blues>	2
INEX_XER-117	<dbpedia:The_Blues_Brothers_(video_game)>	1
INEX_XER-117	<dbpedia:Mo'_Better_Blues>	0
INEX_XER-118	<dbpedia:Peugeot_204>	9
INEX_XER-118	<dbpedia:Peugeot_203>	8
INEX_XER-118	<dbpedia:Wolseley_15/60>	7
INEX_XER-118	<dbpedia:Renault_20/30>	6
INEX_XER-118	<dbpedia:Anglo-French_(automobile)>	5
INEX_XER-118	<dbpedia:Citroën_Ami>	4
INEX_XER-118	<dbpedia:List_of_French_films_of_1961>	3
INEX_XER-118	<dbpedia:Peugeot_604>	2
INEX_XER-118	<dbpedia:RAMI_by_J.M.K.>	1
INEX_XER-118	<dbpedia:Renault_Caravelle>	0
INEX_XER-119	<dbpedia:German-speaking_Switzerland>	9
INEX_XER-119	<dbpedia:Swiss_German>	8
INEX_XER-119	<dbpedia:Bernese_German>	7
INEX_XER-119	<dbpedia:Swiss_Standard_German>	6
INEX_XER-119	<dbpedia:Languages_of_Switzerland>	5
INEX_XER-119	<dbpedia:Zurich_German>	4
INEX_XER-119	<dbpedia:Canton_of_Zürich>	3
INEX_XER-119	<dbpedia:Canton_of_Glarus>	2
INEX_XER-119	<dbpedia:Stans>	1
INEX_XER-119	<dbpedia:Swiss_people>	0
INEX_XER-121	<dbpedia:United_States_presidential_election,_1960>	9
INEX_XER-121	<dbpedia:1960:_The_Making_of_the_President>	8
INEX_XER-121	<dbpedia:United_States_elections,_1960>	7
INEX_XER-121	<dbpedia:1960_State_of_the_Union_Address>	6
INEX_XER-121	<dbpedia:List_of_state_leaders_in_1960>	5
INEX_XER-121	<dbpedia:Presidency_of_Richard_Nixon>	4
INEX_XER-121	<dbpedia:United_States_presidential_election_in_New_York,_1960>	3
INEX_XER-121	<dbpedia:United_States_presidential_election_in_New_Mexico,_1960>	2
INEX_XER-121	<dbpedia:1960_Republican_National_Convention>	1
INEX_XER-121	<dbpedia:History_of_the_United_States_(1980–91)>	0
INEX_XER-122	<dbpedia:12th_Academy_Awards>	9
INEX_XER-122	<dbpedia:80th_Academy_Awards>	8
INEX_XER-122	<dbpedia:List_of_Academy_Award-winning_films>	7
INEX_XER-122	<dbpedia:9th_Academy_Awards>	6
INEX_XER-122	<dbpedia:32nd_Academy_Awards>	5
INEX_XER-122	<dbpedia:23rd_Academy_Awards>	4
INEX_XER-122	<dbpedia:List_of_Big_Five_Academy_Award_winners_and_nominees>	3
INEX_XER-122	<dbpedia:List_of_films_with_the_most_Oscars_per_ceremony>	2
INEX_XER-122	<dbpedia:85th_Academy_Awards>	1
INEX_XER-122	<dbpedia:79th_Academy_Awards>	0
INEX_XER-123	<dbpedia:1974_FIFA_World_Cup>	9
INEX_XER-123	<dbpedia:List_of_FIFA_World_Cup_winners>	8
INEX_XER-123	<dbpedia:1974_FIFA_World_Cup_Final>	7
INEX_XER-123	<dbpedia:Brazil_at_the_1974_FIFA_World_Cup>	6
INEX_XER-123	<dbpedia:Ballon_d'Or_1974>	5
INEX_XER-123	<dbpedia:FIFA_World_Cup_Dream_Team>	4
INEX_XER-123	<dbpedia:List_of_players_who_have_won_multiple_FIFA_World_Cups>	3
INEX_XER-123	<dbpedia:1999_FIFA_World_Player_of_the_Year>	2
INEX_XER-123	<dbpedia:1974_FIFA_World_Cup_squads>	1
INEX_XER-123	<dbpedia:1978_FIFA_World_Cup_Final>	0
INEX_XER-124	<dbpedia:2013_Man_Booker_Prize>	9
INEX_XER-124	<dbpedia:List_of_winners_and_shortlisted_authors_of_the_Booker_Prize_for_Fiction>	8
INEX_XER-124	<dbpedia:The_Best_of_the_Booker>	7
INEX_XER-124	<dbpedia:2012_Man_Booker_Prize>	6
INEX_XER-124	<dbpedia:Lost_Man_Booker_Prize>	5
INEX_XER-124	<dbpedia:Man_Booker_Prize>	4
INEX_XER-124	<dbpedia:Peter_Carey_(novelist)>	3
INEX_XER-124	<dbpedia:2014_Man_Booker_Prize>	2
INEX_XER-124	<dbpedia:Something_to_Answer_For>	1
INEX_XER-124	<dbpedia:2015_Man_Booker_Prize>	0
INEX_XER-127	<dbpedia:Hannelore_Kraft>	9
INEX_XER-127	<dbpedia:Birgit_Sippel>	8
INEX_XER-127	<dbpedia:Rita_Süssmuth>	7
INEX_XER-127	<dbpedia:Lissy_Gröner>	6
INEX_XER-127	<dbpedia:Doris_Pack>	5
INEX_XER-127	<dbpedia:Hiltrud_Breyer>	4
INEX_XER-127	<dbpedia:Sabine_Lösing>	3
INEX_XER-127	<dbpedia:Katja_Suding>	2
INEX_XER-127	<dbpedia:Manuela_Schwesig>	1
INEX_XER-127	<dbpedia:Annemarie_Renger>	0
