INEX_LD-2009022	<dbpedia:Tacacho>	9.0
INEX_LD-2009022	<dbpedia:Khorovats>	8.0
INEX_LD-2009022	<dbpedia:Zhal>	7.0
INEX_LD-2009022	<dbpedia:Jalea>	6.0
INEX_LD-2009022	<dbpedia:Gras_double>	5.0
INEX_LD-2009022	<dbpedia:Puerto_Rican_Chinese_cuisine>	4.0
INEX_LD-2009022	<dbpedia:Cambodian_cuisine>	3.0
INEX_LD-2009022	<dbpedia:Pitsi-pitsî>	2.0
INEX_LD-2009022	<dbpedia:Dalkttongjip>	1.0
INEX_LD-2009022	<dbpedia:Picada>	0.0
INEX_LD-2009039	<dbpedia:La_reprise>	9.0
INEX_LD-2009039	<dbpedia:Gelse>	8.0
INEX_LD-2009039	<dbpedia:Roman_type>	7.0
INEX_LD-2009039	<dbpedia:Le_Retour>	6.0
INEX_LD-2009039	<dbpedia:Sentimentalny_roman>	5.0
INEX_LD-2009039	<dbpedia:Roman_du_terroir>	4.0
INEX_LD-2009039	<dbpedia:Medieval_architecture>	3.0
INEX_LD-2009039	<dbpedia:Italian_Baroque_architecture>	2.0
INEX_LD-2009039	<dbpedia:Semantic_architecture>	1.0
INEX_LD-2009039	<dbpedia:HP_roman8>	0.0
INEX_LD-2009053	<dbpedia:D&S_Car_Wash>	9.0
INEX_LD-2009053	<dbpedia:Lada>	8.0
INEX_LD-2009053	<dbpedia:Lancia_Beta>	7.0
INEX_LD-2009053	<dbpedia:Sisu_production>	6.0
INEX_LD-2009053	<dbpedia:Nissan_Townpod>	5.0
INEX_LD-2009053	<dbpedia:Delaugère_et_Clayette>	4.0
INEX_LD-2009053	<dbpedia:Lamborghini_Jalpa>	3.0
INEX_LD-2009053	<dbpedia:Opel_Kapitän>	2.0
INEX_LD-2009053	<dbpedia:Praga_R1>	1.0
INEX_LD-2009053	<dbpedia:Delage_D4>	0.0
INEX_LD-2009061	<dbpedia:16th_Army_Corps_(France)>	9.0
INEX_LD-2009061	<dbpedia:41st_Army_Corps_(France)>	8.0
INEX_LD-2009061	<dbpedia:Vincenzo_Carabetta>	7.0
INEX_LD-2009061	<dbpedia:No._199_Squadron_RAF>	6.0
INEX_LD-2009061	<dbpedia:World_war>	5.0
INEX_LD-2009061	<dbpedia:No._293_Squadron_RAF>	4.0
INEX_LD-2009061	<dbpedia:No._195_Squadron_RAF>	3.0
INEX_LD-2009061	<dbpedia:Iain_Paul>	2.0
INEX_LD-2009061	<dbpedia:1939_All_England_Badminton_Championships>	1.0
INEX_LD-2009061	<dbpedia:Georges_Altman>	0.0
INEX_LD-2009062	<dbpedia:Social_network_advertising>	9.0
INEX_LD-2009062	<dbpedia:Social_invisibility>	8.0
INEX_LD-2009062	<dbpedia:MCOP>	7.0
INEX_LD-2009062	<dbpedia:International_Network_for_Social_Network_Analysis>	6.0
INEX_LD-2009062	<dbpedia:Collective_network>	5.0
INEX_LD-2009062	<dbpedia:OpenSocialNetwork>	4.0
INEX_LD-2009062	<dbpedia:Distributed_social_network>	3.0
INEX_LD-2009062	<dbpedia:Communities.com>	2.0
INEX_LD-2009062	<dbpedia:Mentez>	1.0
INEX_LD-2009062	<dbpedia:Semantic_social_network>	0.0
INEX_LD-2009063	<dbpedia:Index_of_World_War_II_articles_(D)>	9.0
INEX_LD-2009063	<dbpedia:John_G._Burkhalter>	8.0
INEX_LD-2009063	<dbpedia:Robert_G._Cole>	7.0
INEX_LD-2009063	<dbpedia:V_for_Victory:_D-Day_Utah_Beach>	6.0
INEX_LD-2009063	<dbpedia:Lionel_Shapiro>	5.0
INEX_LD-2009063	<dbpedia:National_D-Day_Memorial>	4.0
INEX_LD-2009063	<dbpedia:Overlord_embroidery>	3.0
INEX_LD-2009063	<dbpedia:D-Day_(game)>	2.0
INEX_LD-2009063	<dbpedia:Axis_&_Allies:_D-Day>	1.0
INEX_LD-2009063	<dbpedia:Mission_Hackensack>	0.0
INEX_LD-2009074	<dbpedia:Topic-Sensitive_PageRank>	9.0
INEX_LD-2009074	<dbpedia:Rank_SIFT>	8.0
INEX_LD-2009074	<dbpedia:Scoring_algorithm>	7.0
INEX_LD-2009074	<dbpedia:Archery_at_the_2014_Summer_Youth_Olympics_–_Boys'_individual>	6.0
INEX_LD-2009074	<dbpedia:Archery_at_the_2014_Summer_Youth_Olympics_–_Girls'_individual>	5.0
INEX_LD-2009074	<dbpedia:Manhattan_address_algorithm>	4.0
INEX_LD-2009074	<dbpedia:Flipora>	3.0
INEX_LD-2009074	<dbpedia:LIRS_caching_algorithm>	2.0
INEX_LD-2009074	<dbpedia:2345.com>	1.0
INEX_LD-2009074	<dbpedia:SitePoint>	0.0
INEX_LD-2009115	<dbpedia:List_of_museums_in_Montreal>	9.0
INEX_LD-2009115	<dbpedia:Virtual_Museum_of_Canada>	8.0
INEX_LD-2009115	<dbpedia:List_of_museums_on_Long_Island>	7.0
INEX_LD-2009115	<dbpedia:List_of_museums_in_East_Texas>	6.0
INEX_LD-2009115	<dbpedia:List_of_museums_in_South_Texas>	5.0
INEX_LD-2009115	<dbpedia:List_of_museums_in_West_Texas>	4.0
INEX_LD-2009115	<dbpedia:List_of_museums_in_the_Texas_Panhandle>	3.0
INEX_LD-2009115	<dbpedia:List_of_museums_in_the_Texas_Gulf_Coast>	2.0
INEX_LD-2009115	<dbpedia:List_of_museums_in_Oregon>	1.0
INEX_LD-2009115	<dbpedia:List_of_museums_in_Texas>	0.0
INEX_LD-2010004	<dbpedia:Indian_Singaporean_cuisine>	9.0
INEX_LD-2010004	<dbpedia:Ragda_pattice>	8.0
INEX_LD-2010004	<dbpedia:Anjum_Anand>	7.0
INEX_LD-2010004	<dbpedia:K._T._Achaya>	6.0
INEX_LD-2010004	<dbpedia:Haggis_pakora>	5.0
INEX_LD-2010004	<dbpedia:Indian_bread>	4.0
INEX_LD-2010004	<dbpedia:Chinese_bhel>	3.0
INEX_LD-2010004	<dbpedia:List_of_Indian_breads>	2.0
INEX_LD-2010004	<dbpedia:Food_Distribution_Program_on_Indian_Reservations>	1.0
INEX_LD-2010004	<dbpedia:Bhang>	0.0
INEX_LD-2010014	<dbpedia:Fryderyk_Chopin_Museum>	9.0
INEX_LD-2010014	<dbpedia:Tchaikovsky_Museum_(Votkinsk)>	8.0
INEX_LD-2010014	<dbpedia:Antonín_Dvořák_Museum>	7.0
INEX_LD-2010014	<dbpedia:List_of_museums_in_Andorra>	6.0
INEX_LD-2010014	<dbpedia:Musée-Placard_d'Erik_Satie>	5.0
INEX_LD-2010014	<dbpedia:Elgar_Birthplace_Museum>	4.0
INEX_LD-2010014	<dbpedia:Lin_Hsin_Hsin_Art_Museum>	3.0
INEX_LD-2010014	<dbpedia:Lin_Hsin_Hsin>	2.0
INEX_LD-2010014	<dbpedia:Jodle_Birge>	1.0
INEX_LD-2010014	<dbpedia:Ivanovka_estate>	0.0
INEX_LD-2010019	<dbpedia:Papilio_paris_tamilana>	9.0
INEX_LD-2010019	<dbpedia:Orthogonius_paris>	8.0
INEX_LD-2010019	<dbpedia:Crambus_paris>	7.0
INEX_LD-2010019	<dbpedia:La_reprise>	6.0
INEX_LD-2010019	<dbpedia:Franck_Tchiloemba>	5.0
INEX_LD-2010019	<dbpedia:10th_century_in_architecture>	4.0
INEX_LD-2010019	<dbpedia:5th_century_in_architecture>	3.0
INEX_LD-2010019	<dbpedia:3rd_century_in_architecture>	2.0
INEX_LD-2010019	<dbpedia:4th_century_in_architecture>	1.0
INEX_LD-2010019	<dbpedia:8th_century_in_architecture>	0.0
INEX_LD-2010020	<dbpedia:Energy_in_France>	9.0
INEX_LD-2010020	<dbpedia:Electricity_sector_in_Belgium>	8.0
INEX_LD-2010020	<dbpedia:Hydroelectricity_in_Romania>	7.0
INEX_LD-2010020	<dbpedia:Electricity_sector_in_France>	6.0
INEX_LD-2010020	<dbpedia:Nuclear_power_in_India>	5.0
INEX_LD-2010020	<dbpedia:Wind_power_in_France>	4.0
INEX_LD-2010020	<dbpedia:Guarantee_of_origin>	3.0
INEX_LD-2010020	<dbpedia:Electricity_sector_in_Spain>	2.0
INEX_LD-2010020	<dbpedia:Mandatory_renewable_energy_target>	1.0
INEX_LD-2010020	<dbpedia:Energy_in_Victoria_(Australia)>	0.0
INEX_LD-2010037	<dbpedia:Gnip>	9.0
INEX_LD-2010037	<dbpedia:JSLEE>	8.0
INEX_LD-2010037	<dbpedia:Samepoint>	7.0
INEX_LD-2010037	<dbpedia:International_Network_for_Social_Network_Analysis>	6.0
INEX_LD-2010037	<dbpedia:OpenSocialNetwork>	5.0
INEX_LD-2010037	<dbpedia:Distributed_social_network>	4.0
INEX_LD-2010037	<dbpedia:Open_Collaboration_Services>	3.0
INEX_LD-2010037	<dbpedia:Communities.com>	2.0
INEX_LD-2010037	<dbpedia:Mentez>	1.0
INEX_LD-2010037	<dbpedia:Winsock>	0.0
INEX_LD-2010043	<dbpedia:List_of_Assamese_films>	9.0
INEX_LD-2010043	<dbpedia:List_of_Iranian_films>	8.0
INEX_LD-2010043	<dbpedia:List_of_horror_films_of_the_1990s>	7.0
INEX_LD-2010043	<dbpedia:List_of_horror_films_of_the_1970s>	6.0
INEX_LD-2010043	<dbpedia:List_of_horror_films_of_the_1960s>	5.0
INEX_LD-2010043	<dbpedia:List_of_horror_films_of_the_1980s>	4.0
INEX_LD-2010043	<dbpedia:List_of_horror_films_of_the_2000s>	3.0
INEX_LD-2010043	<dbpedia:List_of_horror_films_of_the_2010s>	2.0
INEX_LD-2010043	<dbpedia:List_of_Telugu_films_of_the_2010s>	1.0
INEX_LD-2010043	<dbpedia:List_of_Turkish_films_of_the_1970s>	0.0
INEX_LD-2010057	<dbpedia:Relativity_priority_dispute>	9.0
INEX_LD-2010057	<dbpedia:The_Einstein_Theory_of_Relativity>	8.0
INEX_LD-2010057	<dbpedia:Abraham_Zelmanov>	7.0
INEX_LD-2010057	<dbpedia:Einstein_Telescope>	6.0
INEX_LD-2010057	<dbpedia:Reinventing_Gravity>	5.0
INEX_LD-2010057	<dbpedia:Beyond_Einstein_program>	4.0
INEX_LD-2010057	<dbpedia:Lovelock_theory_of_gravity>	3.0
INEX_LD-2010057	<dbpedia:Criticism_of_the_theory_of_relativity>	2.0
INEX_LD-2010057	<dbpedia:Higher-dimensional_Einstein_gravity>	1.0
INEX_LD-2010057	<dbpedia:History_of_loop_quantum_gravity>	0.0
INEX_LD-2010069	<dbpedia:Oenothera_odorata>	9.0
INEX_LD-2010069	<dbpedia:Cheilosia_bergenstammi>	8.0
INEX_LD-2010069	<dbpedia:Paris_polyphylla>	7.0
INEX_LD-2010069	<dbpedia:Kallstroemia_grandiflora>	6.0
INEX_LD-2010069	<dbpedia:Agalinis_purpurea>	5.0
INEX_LD-2010069	<dbpedia:Chamaecrista_fasciculata>	4.0
INEX_LD-2010069	<dbpedia:Agalinis_tenuifolia>	3.0
INEX_LD-2010069	<dbpedia:Aulax>	2.0
INEX_LD-2010069	<dbpedia:Guldborgsund_Zoo>	1.0
INEX_LD-2010069	<dbpedia:Centaurea_nigrescens>	0.0
INEX_LD-2010100	<dbpedia:McClelland-Grimes_Farm>	9.0
INEX_LD-2010100	<dbpedia:Reeves_House_(Siloam_Springs,_Arkansas)>	8.0
INEX_LD-2010100	<dbpedia:Fairbanks_Exploration_Company_Manager's_House>	7.0
INEX_LD-2010100	<dbpedia:Courthouse_of_American_Samoa>	6.0
INEX_LD-2010100	<dbpedia:US_Coast_Guard_and_Geodetic_Survey_Seismological_and_Geomagnetic_House>	5.0
INEX_LD-2010100	<dbpedia:Attwood-Hopson_House>	4.0
INEX_LD-2010100	<dbpedia:Sunol_Water_Temple>	3.0
INEX_LD-2010100	<dbpedia:Luther_Elliott_House>	2.0
INEX_LD-2010100	<dbpedia:Hubert_&_Ionia_Furr_House>	1.0
INEX_LD-2010100	<dbpedia:Bromley-Mills-Treece_House>	0.0
INEX_LD-2010106	<dbpedia:Dogs_101>	9.0
INEX_LD-2010106	<dbpedia:Organic_certification>	8.0
INEX_LD-2010106	<dbpedia:Organic_beef>	7.0
INEX_LD-2010106	<dbpedia:Organic_product>	6.0
INEX_LD-2010106	<dbpedia:Structural_inequality_in_education>	5.0
INEX_LD-2010106	<dbpedia:Visual_privacy>	4.0
INEX_LD-2010106	<dbpedia:Vegan_organic_gardening>	3.0
INEX_LD-2010106	<dbpedia:Propyl_benzoate>	2.0
INEX_LD-2010106	<dbpedia:Eden_Foods_Inc.>	1.0
INEX_LD-2010106	<dbpedia:Transesophageal_echocardiogram>	0.0
INEX_LD-20120111	<dbpedia:Fragments_of_War:_The_Story_of_Damien_Parer>	9.0
INEX_LD-20120111	<dbpedia:Ogniomistrz_Kaleń>	8.0
INEX_LD-20120111	<dbpedia:Khan_Kluay_2>	7.0
INEX_LD-20120111	<dbpedia:Hindustan_Ki_Kasam>	6.0
INEX_LD-20120111	<dbpedia:Eagles_(1984_film)>	5.0
INEX_LD-20120111	<dbpedia:Surface_to_Air_(film)>	4.0
INEX_LD-20120111	<dbpedia:Jocelyn_Brando>	3.0
INEX_LD-20120111	<dbpedia:Attack_and_Retreat>	2.0
INEX_LD-20120111	<dbpedia:Carter's_Army>	1.0
INEX_LD-20120111	<dbpedia:Trench_143>	0.0
INEX_LD-20120121	<dbpedia:Michelle_Tam>	9.0
INEX_LD-20120121	<dbpedia:Sue_Lawrence>	8.0
INEX_LD-20120121	<dbpedia:Mehboob_Alam_Khan>	7.0
INEX_LD-20120121	<dbpedia:The_Ultimate_Beer_Lover's_Cookbook>	6.0
INEX_LD-20120121	<dbpedia:Cooking_Light>	5.0
INEX_LD-20120121	<dbpedia:John_Mitzewich>	4.0
INEX_LD-20120121	<dbpedia:The_Redwall_Cookbook>	3.0
INEX_LD-20120121	<dbpedia:The_F_Word>	2.0
INEX_LD-20120121	<dbpedia:Coddling>	1.0
INEX_LD-20120121	<dbpedia:Connie_Ruel>	0.0
INEX_LD-20120122	<dbpedia:Serious_Eats>	9.0
INEX_LD-20120122	<dbpedia:Pastanjauhantaa>	8.0
INEX_LD-20120122	<dbpedia:Sarah_Wu>	7.0
INEX_LD-20120122	<dbpedia:Danielle_Walker>	6.0
INEX_LD-20120122	<dbpedia:Clotilde_Dusoulier>	5.0
INEX_LD-20120122	<dbpedia:BrooklynVegan>	4.0
INEX_LD-20120122	<dbpedia:Weblogs,_Inc.>	3.0
INEX_LD-20120122	<dbpedia:DesiPundit>	2.0
INEX_LD-20120122	<dbpedia:VG247>	1.0
INEX_LD-20120122	<dbpedia:BlogCN>	0.0
INEX_LD-20120131	<dbpedia:Campo_Ma'an_National_Park>	9.0
INEX_LD-20120131	<dbpedia:Bandai-Asahi_National_Park>	8.0
INEX_LD-20120131	<dbpedia:Boukornine_National_Park>	7.0
INEX_LD-20120131	<dbpedia:Grasslands_National_Park>	6.0
INEX_LD-20120131	<dbpedia:Jebil_National_Park>	5.0
INEX_LD-20120131	<dbpedia:Katavi_National_Park>	4.0
INEX_LD-20120131	<dbpedia:Epping_Forest_National_Park>	3.0
INEX_LD-20120131	<dbpedia:Warrumbungle_National_Park>	2.0
INEX_LD-20120131	<dbpedia:Mole_Creek_Karst_National_Park>	1.0
INEX_LD-20120131	<dbpedia:Mont-Tremblant_National_Park>	0.0
INEX_LD-20120211	<dbpedia:DADGAD>	9.0
INEX_LD-20120211	<dbpedia:Open_B_tuning>	8.0
INEX_LD-20120211	<dbpedia:E9_tuning>	7.0
INEX_LD-20120211	<dbpedia:Open_D_tuning>	6.0
INEX_LD-20120211	<dbpedia:Drop_B_tuning>	5.0
INEX_LD-20120211	<dbpedia:Open_C_tuning>	4.0
INEX_LD-20120211	<dbpedia:Le_Igi>	3.0
INEX_LD-20120211	<dbpedia:E♭_tuning>	2.0
INEX_LD-20120211	<dbpedia:B♭_tuning>	1.0
INEX_LD-20120211	<dbpedia:Insen_scale>	0.0
INEX_LD-20120221	<dbpedia:Flamenco_guitar>	9.0
INEX_LD-20120221	<dbpedia:Lester_DeVoe>	8.0
INEX_LD-20120221	<dbpedia:Juan_Martín>	7.0
INEX_LD-20120221	<dbpedia:Paco_de_Lucena>	6.0
INEX_LD-20120221	<dbpedia:Picados>	5.0
INEX_LD-20120221	<dbpedia:Rasgueado>	4.0
INEX_LD-20120221	<dbpedia:Hermanos_Conde>	3.0
INEX_LD-20120221	<dbpedia:New_Flamenco>	2.0
INEX_LD-20120221	<dbpedia:Grisha_Goryachev>	1.0
INEX_LD-20120221	<dbpedia:Ramírez_Guitars>	0.0
INEX_LD-20120231	<dbpedia:Russky_Newsweek>	9.0
INEX_LD-20120231	<dbpedia:Indians_in_Russia>	8.0
INEX_LD-20120231	<dbpedia:Mr_Russia>	7.0
INEX_LD-20120231	<dbpedia:Vladimir_Mikhailovich_Yashvil>	6.0
INEX_LD-20120231	<dbpedia:Polish_I_Corps_in_Russia>	5.0
INEX_LD-20120231	<dbpedia:Emmanuel_Rashba>	4.0
INEX_LD-20120231	<dbpedia:Lenar_Gilmullin>	3.0
INEX_LD-20120231	<dbpedia:Anastasia_Bardina>	2.0
INEX_LD-20120231	<dbpedia:Sasha_Kolpakov>	1.0
INEX_LD-20120231	<dbpedia:Nicholas_Tolstoy>	0.0
INEX_LD-20120232	<dbpedia:Blues_Bureau_International>	9.0
INEX_LD-20120232	<dbpedia:Gospel_blues>	8.0
INEX_LD-20120232	<dbpedia:Frank_Hutchison>	7.0
INEX_LD-20120232	<dbpedia:Bentonia_School>	6.0
INEX_LD-20120232	<dbpedia:Texas_blues>	5.0
INEX_LD-20120232	<dbpedia:West_Coast_blues>	4.0
INEX_LD-20120232	<dbpedia:Long_Gone_(album)>	3.0
INEX_LD-20120232	<dbpedia:Rick_Fowler>	2.0
INEX_LD-20120232	<dbpedia:Willie_Brown_(musician)>	1.0
INEX_LD-20120232	<dbpedia:List_of_Texas_blues_musicians>	0.0
INEX_LD-20120311	<dbpedia:Milonguero>	9.0
INEX_LD-20120311	<dbpedia:List_of_tango_singers>	8.0
INEX_LD-20120311	<dbpedia:Thrill_of_the_Surf>	7.0
INEX_LD-20120311	<dbpedia:Homer_Ladas>	6.0
INEX_LD-20120311	<dbpedia:Bloody_Mary_folklore_in_popular_culture>	5.0
INEX_LD-20120311	<dbpedia:Roberto_Firpo>	4.0
INEX_LD-20120311	<dbpedia:Tango>	3.0
INEX_LD-20120311	<dbpedia:El_tango_vuelve_a_París>	2.0
INEX_LD-20120311	<dbpedia:Buenas_noches,_Buenos_Aires>	1.0
INEX_LD-20120311	<dbpedia:Juan_Carlos_Copes>	0.0
INEX_LD-20120312	<dbpedia:Milonguero>	9.0
INEX_LD-20120312	<dbpedia:Subdivisions_of_the_Nordic_countries>	8.0
INEX_LD-20120312	<dbpedia:List_of_tango_singers>	7.0
INEX_LD-20120312	<dbpedia:Homer_Ladas>	6.0
INEX_LD-20120312	<dbpedia:Roberto_Firpo>	5.0
INEX_LD-20120312	<dbpedia:Tango>	4.0
INEX_LD-20120312	<dbpedia:El_tango_vuelve_a_París>	3.0
INEX_LD-20120312	<dbpedia:Buenas_noches,_Buenos_Aires>	2.0
INEX_LD-20120312	<dbpedia:Juan_Carlos_Copes>	1.0
INEX_LD-20120312	<dbpedia:Cátulo_Castillo>	0.0
INEX_LD-20120321	<dbpedia:Juan_Carlos_Cobián>	9.0
INEX_LD-20120321	<dbpedia:List_of_classical_composers_in_the_German_Democratic_Republic>	8.0
INEX_LD-20120321	<dbpedia:Mi_Buenos_Aires_querido>	7.0
INEX_LD-20120321	<dbpedia:Roberto_Firpo>	6.0
INEX_LD-20120321	<dbpedia:List_of_symphony_composers>	5.0
INEX_LD-20120321	<dbpedia:Homer_Ladas>	4.0
INEX_LD-20120321	<dbpedia:List_of_classical_music_composers_by_era>	3.0
INEX_LD-20120321	<dbpedia:London_Concertante>	2.0
INEX_LD-20120321	<dbpedia:Finnish_tango>	1.0
INEX_LD-20120321	<dbpedia:Buenos_Aires_8>	0.0
INEX_LD-20120331	<dbpedia:Milonguero>	9.0
INEX_LD-20120331	<dbpedia:Juan_Carlos_Copes>	8.0
INEX_LD-20120331	<dbpedia:Juan_Carlos_Cobián>	7.0
INEX_LD-20120331	<dbpedia:Enrique_Saborido>	6.0
INEX_LD-20120331	<dbpedia:Tango>	5.0
INEX_LD-20120331	<dbpedia:Osvaldo_Pugliese>	4.0
INEX_LD-20120331	<dbpedia:Homer_Ladas>	3.0
INEX_LD-20120331	<dbpedia:Neotango>	2.0
INEX_LD-20120331	<dbpedia:Hip-hop_dance>	1.0
INEX_LD-20120331	<dbpedia:Queer_Tango>	0.0
INEX_LD-20120332	<dbpedia:Milonguero>	9.0
INEX_LD-20120332	<dbpedia:Juan_Carlos_Copes>	8.0
INEX_LD-20120332	<dbpedia:Juan_Carlos_Cobián>	7.0
INEX_LD-20120332	<dbpedia:Enrique_Saborido>	6.0
INEX_LD-20120332	<dbpedia:Tango>	5.0
INEX_LD-20120332	<dbpedia:Osvaldo_Pugliese>	4.0
INEX_LD-20120332	<dbpedia:Homer_Ladas>	3.0
INEX_LD-20120332	<dbpedia:Neotango>	2.0
INEX_LD-20120332	<dbpedia:Queer_Tango>	1.0
INEX_LD-20120332	<dbpedia:Tango_on_intohimoni>	0.0
INEX_LD-20120411	<dbpedia:BMX_bike>	9.0
INEX_LD-20120411	<dbpedia:2015_in_men's_road_cycling>	8.0
INEX_LD-20120411	<dbpedia:Tour_de_Berne>	7.0
INEX_LD-20120411	<dbpedia:2014_in_women's_road_cycling>	6.0
INEX_LD-20120411	<dbpedia:2015_in_women's_road_cycling>	5.0
INEX_LD-20120411	<dbpedia:Tour_of_Somerville>	4.0
INEX_LD-20120411	<dbpedia:Elimination_races>	3.0
INEX_LD-20120411	<dbpedia:Brussels_Cycling_Classic>	2.0
INEX_LD-20120411	<dbpedia:Golan_(cycling_race)>	1.0
INEX_LD-20120411	<dbpedia:Giro_dell'Emilia>	0.0
INEX_LD-20120412	<dbpedia:Mathieu_van_der_Poel>	9.0
INEX_LD-20120412	<dbpedia:BMX_bike>	8.0
INEX_LD-20120412	<dbpedia:Cycling_at_the_2000_Summer_Olympics>	7.0
INEX_LD-20120412	<dbpedia:Motorcycle_sport>	6.0
INEX_LD-20120412	<dbpedia:Figure_skating>	5.0
INEX_LD-20120412	<dbpedia:Trampette>	4.0
INEX_LD-20120412	<dbpedia:Ski-orienteering>	3.0
INEX_LD-20120412	<dbpedia:Cycling_at_the_2015_European_Games>	2.0
INEX_LD-20120412	<dbpedia:American_Warmblood>	1.0
INEX_LD-20120412	<dbpedia:Archery_at_the_Summer_Universiade>	0.0
INEX_LD-20120421	<dbpedia:Sa_Riera>	9.0
INEX_LD-20120421	<dbpedia:Kelling_Heath_Holiday_Park>	8.0
INEX_LD-20120421	<dbpedia:Yarmouth–Lowestoft_Line>	7.0
INEX_LD-20120421	<dbpedia:Substitute_holiday>	6.0
INEX_LD-20120421	<dbpedia:Balgowan,_South_Australia>	5.0
INEX_LD-20120421	<dbpedia:Tour_de_Donut>	4.0
INEX_LD-20120421	<dbpedia:List_of_bicycle_part_manufacturing_companies>	3.0
INEX_LD-20120421	<dbpedia:Newspaper_holiday>	2.0
INEX_LD-20120421	<dbpedia:Bicycle_tools>	1.0
INEX_LD-20120421	<dbpedia:South_Lakeland_Parks>	0.0
INEX_LD-20120422	<dbpedia:Substitute_holiday>	9.0
INEX_LD-20120422	<dbpedia:List_of_bicycle_part_manufacturing_companies>	8.0
INEX_LD-20120422	<dbpedia:Newspaper_holiday>	7.0
INEX_LD-20120422	<dbpedia:Bicycle_tools>	6.0
INEX_LD-20120422	<dbpedia:South_Lakeland_Parks>	5.0
INEX_LD-20120422	<dbpedia:Garifuna_Settlement_Day>	4.0
INEX_LD-20120422	<dbpedia:Greenery_Day>	3.0
INEX_LD-20120422	<dbpedia:Single-speed_bicycle>	2.0
INEX_LD-20120422	<dbpedia:Bicycle_Accident_Reconstruction_and_Litigation>	1.0
INEX_LD-20120422	<dbpedia:Bicycle_cooperative>	0.0
INEX_LD-20120431	<dbpedia:Mental_Health_Parity_Act>	9.0
INEX_LD-20120431	<dbpedia:BenMAP>	8.0
INEX_LD-20120431	<dbpedia:Honeygar>	7.0
INEX_LD-20120431	<dbpedia:Cardboard_bicycle>	6.0
INEX_LD-20120431	<dbpedia:Universal_health_care>	5.0
INEX_LD-20120431	<dbpedia:Grain_crimping>	4.0
INEX_LD-20120431	<dbpedia:Integrity_Health>	3.0
INEX_LD-20120431	<dbpedia:Behavior_change_(public_health)>	2.0
INEX_LD-20120431	<dbpedia:Oklahoma_Health_Care_Authority>	1.0
INEX_LD-20120431	<dbpedia:Superfood>	0.0
INEX_LD-20120511	<dbpedia:List_of_female_heavy_metal_singers>	9.0
INEX_LD-20120511	<dbpedia:Panty_Raid_(album)>	8.0
INEX_LD-20120511	<dbpedia:Qamar_Gula>	7.0
INEX_LD-20120511	<dbpedia:Larry_Parnes>	6.0
INEX_LD-20120511	<dbpedia:Revista_H>	5.0
INEX_LD-20120511	<dbpedia:Fariha_Pervez>	4.0
INEX_LD-20120511	<dbpedia:Bangladesh_National_Film_Award_for_Best_Female_Playback_Singer>	3.0
INEX_LD-20120511	<dbpedia:List_of_female_rock_singers>	2.0
INEX_LD-20120511	<dbpedia:Egyptian_(band)>	1.0
INEX_LD-20120511	<dbpedia:Krosswindz>	0.0
INEX_LD-20120512	<dbpedia:Korea_Janggi_Association>	9.0
INEX_LD-20120512	<dbpedia:Kim_Kuk-hyang_(weightlifter)>	8.0
INEX_LD-20120512	<dbpedia:Kim_Du-han>	7.0
INEX_LD-20120512	<dbpedia:Piece_(album)>	6.0
INEX_LD-20120512	<dbpedia:List_of_girl_groups>	5.0
INEX_LD-20120512	<dbpedia:Starship_Entertainment>	4.0
INEX_LD-20120512	<dbpedia:Kiely_Williams>	3.0
INEX_LD-20120512	<dbpedia:List_of_South_Korean_idol_groups>	2.0
INEX_LD-20120512	<dbpedia:Blady>	1.0
INEX_LD-20120512	<dbpedia:List_of_songs_recorded_by_Beyoncé>	0.0
INEX_LD-20120521	<dbpedia:Timeline_of_electronic_music_genres>	9.0
INEX_LD-20120521	<dbpedia:Charlie_Atom>	8.0
INEX_LD-20120521	<dbpedia:Michael_William_Gilbert>	7.0
INEX_LD-20120521	<dbpedia:German_electronic_music>	6.0
INEX_LD-20120521	<dbpedia:List_of_electronic_music_genres>	5.0
INEX_LD-20120521	<dbpedia:The_One-T_ODC>	4.0
INEX_LD-20120521	<dbpedia:Sunny_Viswanath>	3.0
INEX_LD-20120521	<dbpedia:List_of_electronic_music_festivals>	2.0
INEX_LD-20120521	<dbpedia:Bloc_Festival>	1.0
INEX_LD-20120521	<dbpedia:Vert_(music)>	0.0
INEX_LD-20120522	<dbpedia:Graphic_notation>	9.0
INEX_LD-20120522	<dbpedia:MOD_and_TOD>	8.0
INEX_LD-20120522	<dbpedia:List_of_Online_Digital_Musical_Document_Libraries>	7.0
INEX_LD-20120522	<dbpedia:Comparison_of_scorewriters>	6.0
INEX_LD-20120522	<dbpedia:HDtracks>	5.0
INEX_LD-20120522	<dbpedia:Scorewriter>	4.0
INEX_LD-20120522	<dbpedia:REX2>	3.0
INEX_LD-20120522	<dbpedia:Musical_notation>	2.0
INEX_LD-20120522	<dbpedia:Netlabel>	1.0
INEX_LD-20120522	<dbpedia:Linear_(film)>	0.0
INEX_LD-20120531	<dbpedia:Sébastien_Nasra>	9.0
INEX_LD-20120531	<dbpedia:List_of_computer_science_conferences>	8.0
INEX_LD-20120531	<dbpedia:Environmental_mega_conferences>	7.0
INEX_LD-20120531	<dbpedia:YoungStartup_Ventures>	6.0
INEX_LD-20120531	<dbpedia:List_of_conferences_in_London>	5.0
INEX_LD-20120531	<dbpedia:Gordon_Research_Conferences>	4.0
INEX_LD-20120531	<dbpedia:Associations_of_the_United_Church_of_Christ>	3.0
INEX_LD-20120531	<dbpedia:European_Joint_Conferences_on_Theory_and_Practice_of_Software>	2.0
INEX_LD-20120531	<dbpedia:California_Democratic_Council>	1.0
INEX_LD-20120531	<dbpedia:Power_Five_conferences>	0.0
INEX_LD-20120532	<dbpedia:Public_domain_in_the_United_States>	9.0
INEX_LD-20120532	<dbpedia:Proposed_directive_on_criminal_measures_aimed_at_ensuring_the_enforcement_of_intellectual_property_rights>	8.0
INEX_LD-20120532	<dbpedia:Celebrity_bond>	7.0
INEX_LD-20120532	<dbpedia:Anti-Counterfeiting_Trade_Agreement>	6.0
INEX_LD-20120532	<dbpedia:All_Party_Parliamentary_Intellectual_Property_Group>	5.0
INEX_LD-20120532	<dbpedia:Banner_&_Witcoff>	4.0
INEX_LD-20120532	<dbpedia:Timothy_Swanson>	3.0
INEX_LD-20120532	<dbpedia:Cross-licensing>	2.0
INEX_LD-20120532	<dbpedia:Intellectual_property_infringement>	1.0
INEX_LD-20120532	<dbpedia:Enforcement_Directive>	0.0
INEX_LD-2012301	<dbpedia:Niagara_Lake>	9.0
INEX_LD-2012301	<dbpedia:Goat_Island_(New_York)>	8.0
INEX_LD-2012301	<dbpedia:Pocono_Peak_Lake>	7.0
INEX_LD-2012301	<dbpedia:Horseshoe_Falls>	6.0
INEX_LD-2012301	<dbpedia:Karel_Soucek>	5.0
INEX_LD-2012301	<dbpedia:Albion_Falls>	4.0
INEX_LD-2012301	<dbpedia:T_Lake_Falls>	3.0
INEX_LD-2012301	<dbpedia:Sixteen_Mile_Creek_(Niagara_Region)>	2.0
INEX_LD-2012301	<dbpedia:List_of_objects_that_have_gone_over_Niagara_Falls>	1.0
INEX_LD-2012301	<dbpedia:American_Falls>	0.0
INEX_LD-2012303	<dbpedia:San_Joaquin_Valley>	9.0
INEX_LD-2012303	<dbpedia:San_Joaquin_Formation>	8.0
INEX_LD-2012303	<dbpedia:San_Joaquin_Valley_League>	7.0
INEX_LD-2012303	<dbpedia:San_Joaquin_antelope_squirrel>	6.0
INEX_LD-2012303	<dbpedia:Ingram_Creek>	5.0
INEX_LD-2012303	<dbpedia:San_Joaquin_Light_and_Power_Corporation>	4.0
INEX_LD-2012303	<dbpedia:Arthroconidium>	3.0
INEX_LD-2012303	<dbpedia:San_Joaquin_Valley_Library_System>	2.0
INEX_LD-2012303	<dbpedia:California_Valley_coyote>	1.0
INEX_LD-2012303	<dbpedia:Little_Salado_Creek>	0.0
INEX_LD-2012305	<dbpedia:Edward_L._Garden>	9.0
INEX_LD-2012305	<dbpedia:James_H._Sinclair>	8.0
INEX_LD-2012305	<dbpedia:North_Dakota's_1st_congressional_district>	7.0
INEX_LD-2012305	<dbpedia:North_Dakota's_3rd_congressional_district>	6.0
INEX_LD-2012305	<dbpedia:North_Dakota_Governor's_Residence>	5.0
INEX_LD-2012305	<dbpedia:Aslag_Benson>	4.0
INEX_LD-2012305	<dbpedia:North_Dakota_HB_1572>	3.0
INEX_LD-2012305	<dbpedia:Charles_Wachter>	2.0
INEX_LD-2012305	<dbpedia:United_States_House_of_Representatives_election_in_North_Dakota,_2004>	1.0
INEX_LD-2012305	<dbpedia:Overprinting>	0.0
INEX_LD-2012309	<dbpedia:Bjelkarøy>	9.0
INEX_LD-2012309	<dbpedia:Oreichthys_parvus>	8.0
INEX_LD-2012309	<dbpedia:Lerøyna>	7.0
INEX_LD-2012309	<dbpedia:Brevibora>	6.0
INEX_LD-2012309	<dbpedia:Harbour_Breton>	5.0
INEX_LD-2012309	<dbpedia:Spanner_barb>	4.0
INEX_LD-2012309	<dbpedia:Urak_Lawoi’_language>	3.0
INEX_LD-2012309	<dbpedia:List_of_Singapore-related_topics>	2.0
INEX_LD-2012309	<dbpedia:Sungai_Rokam>	1.0
INEX_LD-2012309	<dbpedia:Kuala_Sawah>	0.0
INEX_LD-2012311	<dbpedia:Yoko_Ono/Plastic_Ono_Band>	9.0
INEX_LD-2012311	<dbpedia:Sean_Lennon>	8.0
INEX_LD-2012311	<dbpedia:Born_in_a_Prison>	7.0
INEX_LD-2012311	<dbpedia:John_Lennon/Plastic_Ono_Band>	6.0
INEX_LD-2012311	<dbpedia:Oh_My_Love>	5.0
INEX_LD-2012311	<dbpedia:Elephant's_Memory>	4.0
INEX_LD-2012311	<dbpedia:Milk_and_Honey_(album)>	3.0
INEX_LD-2012311	<dbpedia:Take_Me_to_the_Land_of_Hell>	2.0
INEX_LD-2012311	<dbpedia:I_Found_Out>	1.0
INEX_LD-2012311	<dbpedia:Between_My_Head_and_the_Sky>	0.0
INEX_LD-2012313	<dbpedia:Barton_Fink>	9.0
INEX_LD-2012313	<dbpedia:Coen_brothers>	8.0
INEX_LD-2012313	<dbpedia:Exterminator_2>	7.0
INEX_LD-2012313	<dbpedia:Illuminata_(film)>	6.0
INEX_LD-2012313	<dbpedia:Intolerable_Cruelty>	5.0
INEX_LD-2012313	<dbpedia:The_Fighting_Brothers>	4.0
INEX_LD-2012313	<dbpedia:Jess_Gonchor>	3.0
INEX_LD-2012313	<dbpedia:Night_of_the_Quarter_Moon>	2.0
INEX_LD-2012313	<dbpedia:Born_to_Ride_(film)>	1.0
INEX_LD-2012313	<dbpedia:John_Blake_(makeup_artist)>	0.0
INEX_LD-2012315	<dbpedia:Quezon_Avenue_MRT_Station>	9.0
INEX_LD-2012315	<dbpedia:Quezon_Avenue>	8.0
INEX_LD-2012315	<dbpedia:DZRR-TV>	7.0
INEX_LD-2012315	<dbpedia:Blumentritt_Road>	6.0
INEX_LD-2012315	<dbpedia:Tullahan_River>	5.0
INEX_LD-2012315	<dbpedia:Blue_Eagle_Gym>	4.0
INEX_LD-2012315	<dbpedia:Ateneo_F.C.>	3.0
INEX_LD-2012315	<dbpedia:Bernardo_Vergara>	2.0
INEX_LD-2012315	<dbpedia:Baguio_Cemetery>	1.0
INEX_LD-2012315	<dbpedia:Dagupan_Bus_Company>	0.0
INEX_LD-2012317	<dbpedia:Swiss_dagger>	9.0
INEX_LD-2012317	<dbpedia:Sons_and_Lovers>	8.0
INEX_LD-2012317	<dbpedia:Sons_and_Lovers_(1981_TV_serial)>	7.0
INEX_LD-2012317	<dbpedia:Edward_Garnett>	6.0
INEX_LD-2012317	<dbpedia:USS_F._Mansfield_and_Sons_Co._(SP-691)>	5.0
INEX_LD-2012317	<dbpedia:Saints_and_Lovers>	4.0
INEX_LD-2012317	<dbpedia:Rome_Adventure>	3.0
INEX_LD-2012317	<dbpedia:Acronicta_hasta>	2.0
INEX_LD-2012317	<dbpedia:The_Persistent_Lovers>	1.0
INEX_LD-2012317	<dbpedia:All-In_Fighting>	0.0
INEX_LD-2012318	<dbpedia:The_Atomic_Space_Bug>	9.0
INEX_LD-2012318	<dbpedia:Plan_9_from_Outer_Space>	8.0
INEX_LD-2012318	<dbpedia:William_C._Thompson>	7.0
INEX_LD-2012318	<dbpedia:TCM_Underground>	6.0
INEX_LD-2012318	<dbpedia:Plan_10_from_Outer_Space>	5.0
INEX_LD-2012318	<dbpedia:Paul_Marco>	4.0
INEX_LD-2012318	<dbpedia:I_Married_a_Monster_from_Outer_Space>	3.0
INEX_LD-2012318	<dbpedia:Plan_9_from_Outer_Space_(video_game)>	2.0
INEX_LD-2012318	<dbpedia:Gregory_Walcott>	1.0
INEX_LD-2012318	<dbpedia:Bloodsuckers_from_Outer_Space>	0.0
INEX_LD-2012319	<dbpedia:Open_Secrets>	9.0
INEX_LD-2012319	<dbpedia:Vintage_Munro>	8.0
INEX_LD-2012319	<dbpedia:Into_the_Widening_World>	7.0
INEX_LD-2012319	<dbpedia:Alice_(Hermann_book)>	6.0
INEX_LD-2012319	<dbpedia:Too_Much_Happiness>	5.0
INEX_LD-2012319	<dbpedia:Free_Radicals_(short_story)>	4.0
INEX_LD-2012319	<dbpedia:Alice_Mattison>	3.0
INEX_LD-2012319	<dbpedia:How_I_Met_My_Husband>	2.0
INEX_LD-2012319	<dbpedia:The_Originist>	1.0
INEX_LD-2012319	<dbpedia:The_Open_Doors>	0.0
INEX_LD-2012321	<dbpedia:Founding_of_modern_Singapore>	9.0
INEX_LD-2012321	<dbpedia:Lee_Kong_Chian_Natural_History_Museum>	8.0
INEX_LD-2012321	<dbpedia:Raffles_Institution_(Junior_College)>	7.0
INEX_LD-2012321	<dbpedia:Calyptomena>	6.0
INEX_LD-2012321	<dbpedia:History_of_Singapore>	5.0
INEX_LD-2012321	<dbpedia:Raffles'_Landing_Site>	4.0
INEX_LD-2012321	<dbpedia:Fairmont_Singapore>	3.0
INEX_LD-2012321	<dbpedia:The_Doings_of_Raffles_Haw>	2.0
INEX_LD-2012321	<dbpedia:Swissôtel_The_Stamford>	1.0
INEX_LD-2012321	<dbpedia:Tupaia_(genus)>	0.0
INEX_LD-2012323	<dbpedia:Thordarhyrna>	9.0
INEX_LD-2012323	<dbpedia:Public_holidays_in_Nauru>	8.0
INEX_LD-2012323	<dbpedia:Aoba_Island>	7.0
INEX_LD-2012323	<dbpedia:Football_in_Mali>	6.0
INEX_LD-2012323	<dbpedia:Christianity_in_Malta>	5.0
INEX_LD-2012323	<dbpedia:Economy_of_Mauritius>	4.0
INEX_LD-2012323	<dbpedia:Anibare_District>	3.0
INEX_LD-2012323	<dbpedia:Nibok_District>	2.0
INEX_LD-2012323	<dbpedia:Anetan_District>	1.0
INEX_LD-2012323	<dbpedia:List_of_libraries_in_Sri_Lanka>	0.0
INEX_LD-2012325	<dbpedia:James_G._Blaine_Mansion>	9.0
INEX_LD-2012325	<dbpedia:The_Blaine_House>	8.0
INEX_LD-2012325	<dbpedia:Ephraim_Blaine>	7.0
INEX_LD-2012325	<dbpedia:Blaine,_Maine>	6.0
INEX_LD-2012325	<dbpedia:Little_Rock_and_Fort_Smith_Railroad>	5.0
INEX_LD-2012325	<dbpedia:James_G._Blaine_Society>	4.0
INEX_LD-2012325	<dbpedia:Blaine,_California>	3.0
INEX_LD-2012325	<dbpedia:William_G._Rose>	2.0
INEX_LD-2012325	<dbpedia:Brenton_G._Yorgason>	1.0
INEX_LD-2012325	<dbpedia:Blaine_County,_Montana>	0.0
INEX_LD-2012327	<dbpedia:The_Fish_Can_Sing>	9.0
INEX_LD-2012327	<dbpedia:António_Correia_de_Oliveira>	8.0
INEX_LD-2012327	<dbpedia:List_of_short_stories_by_Ivan_Bunin>	7.0
INEX_LD-2012327	<dbpedia:Humboldt's_Gift>	6.0
INEX_LD-2012327	<dbpedia:Paradise_(novel)>	5.0
INEX_LD-2012327	<dbpedia:The_Atom_Station>	4.0
INEX_LD-2012327	<dbpedia:The_Haw_Lantern>	3.0
INEX_LD-2012327	<dbpedia:Growth_of_the_Soil>	2.0
INEX_LD-2012327	<dbpedia:Jean-Christophe>	1.0
INEX_LD-2012327	<dbpedia:Heinrich_Böll>	0.0
INEX_LD-2012329	<dbpedia:Monetary_policy_of_Sweden>	9.0
INEX_LD-2012329	<dbpedia:Swedish_krona>	8.0
INEX_LD-2012329	<dbpedia:Björg>	7.0
INEX_LD-2012329	<dbpedia:Internet_in_Sweden>	6.0
INEX_LD-2012329	<dbpedia:Norwegian_rigsdaler>	5.0
INEX_LD-2012329	<dbpedia:圓>	4.0
INEX_LD-2012329	<dbpedia:A_Couple_of_Days_in_Larsville>	3.0
INEX_LD-2012329	<dbpedia:Currency_pair>	2.0
INEX_LD-2012329	<dbpedia:Sagina_subulata>	1.0
INEX_LD-2012329	<dbpedia:Minister_of_Statistics_Iceland>	0.0
INEX_LD-2012331	<dbpedia:List_of_Jewish_ethnonyms>	9.0
INEX_LD-2012331	<dbpedia:Namtaeryeong_Station>	8.0
INEX_LD-2012331	<dbpedia:Seoul_Convention_Bureau>	7.0
INEX_LD-2012331	<dbpedia:Lahu_people>	6.0
INEX_LD-2012331	<dbpedia:Ethnonym>	5.0
INEX_LD-2012331	<dbpedia:Seoul_Open>	4.0
INEX_LD-2012331	<dbpedia:UNIQ_discography>	3.0
INEX_LD-2012331	<dbpedia:National_Assembly_Station>	2.0
INEX_LD-2012331	<dbpedia:1954_FIFA_World_Cup_qualification_(AFC_–_Group_13)>	1.0
INEX_LD-2012331	<dbpedia:Miao_people>	0.0
INEX_LD-2012333	<dbpedia:Romuald-Charlemagne_Laurier>	9.0
INEX_LD-2012333	<dbpedia:Laurier_Avenue>	8.0
INEX_LD-2012333	<dbpedia:Sir_Wilfrid_Laurier_Collegiate_Institute>	7.0
INEX_LD-2012333	<dbpedia:Premiership_of_Stephen_Harper>	6.0
INEX_LD-2012333	<dbpedia:William_McMahon>	5.0
INEX_LD-2012333	<dbpedia:Laurier_House>	4.0
INEX_LD-2012333	<dbpedia:Laurier_Heights,_Edmonton>	3.0
INEX_LD-2012333	<dbpedia:Amir-Abbas_Hoveyda>	2.0
INEX_LD-2012333	<dbpedia:Wilfrid_Laurier_University>	1.0
INEX_LD-2012333	<dbpedia:John_Turner>	0.0
INEX_LD-2012335	<dbpedia:Tactical_nuclear_weapon>	9.0
INEX_LD-2012335	<dbpedia:Enduring_Stockpile>	8.0
INEX_LD-2012335	<dbpedia:Netherlands_and_weapons_of_mass_destruction>	7.0
INEX_LD-2012335	<dbpedia:Nuclear_sharing>	6.0
INEX_LD-2012335	<dbpedia:Nuclear_weapons_testing>	5.0
INEX_LD-2012335	<dbpedia:Operation_Ivy>	4.0
INEX_LD-2012335	<dbpedia:Gold_Codes>	3.0
INEX_LD-2012335	<dbpedia:Taiwan_and_weapons_of_mass_destruction>	2.0
INEX_LD-2012335	<dbpedia:De-alerting>	1.0
INEX_LD-2012335	<dbpedia:Stockpile_stewardship>	0.0
INEX_LD-2012337	<dbpedia:Baylor_University_Medical_Center_(DART_station)>	9.0
INEX_LD-2012337	<dbpedia:1902_Goliad,_Texas_tornado>	8.0
INEX_LD-2012337	<dbpedia:1987_Saragosa,_Texas_tornado>	7.0
INEX_LD-2012337	<dbpedia:The_Texas_Collection>	6.0
INEX_LD-2012337	<dbpedia:1953_Waco_tornado_outbreak>	5.0
INEX_LD-2012337	<dbpedia:Samuel_D._Johnson,_Jr.>	4.0
INEX_LD-2012337	<dbpedia:Young_Conservatives_of_Texas>	3.0
INEX_LD-2012337	<dbpedia:1953_Worcester_tornado>	2.0
INEX_LD-2012337	<dbpedia:Charles_Barrow>	1.0
INEX_LD-2012337	<dbpedia:Helen_Baylor>	0.0
INEX_LD-2012339	<dbpedia:Ohlange_High_School>	9.0
INEX_LD-2012339	<dbpedia:Mandela_House>	8.0
INEX_LD-2012339	<dbpedia:Statue_of_Nelson_Mandela,_Johannesburg>	7.0
INEX_LD-2012339	<dbpedia:Mandela_Day>	6.0
INEX_LD-2012339	<dbpedia:Nelson_Mandela_Challenge>	5.0
INEX_LD-2012339	<dbpedia:Nelson_Mandela_Metropolitan_Art_Museum>	4.0
INEX_LD-2012339	<dbpedia:Palm_World_Voices:_Mandela>	3.0
INEX_LD-2012339	<dbpedia:Mandela_(1987_film)>	2.0
INEX_LD-2012339	<dbpedia:Nelson_Mandela_70th_Birthday_Tribute>	1.0
INEX_LD-2012339	<dbpedia:Nelson_Mandela_90th_Birthday_Tribute>	0.0
INEX_LD-2012341	<dbpedia:Houston_County_Airport_(Tennessee)>	9.0
INEX_LD-2012341	<dbpedia:Houston_International_Airport>	8.0
INEX_LD-2012341	<dbpedia:1997_Houston_Astros_season>	7.0
INEX_LD-2012341	<dbpedia:Kris_Banks>	6.0
INEX_LD-2012341	<dbpedia:Houston_County_Airport_(Texas)>	5.0
INEX_LD-2012341	<dbpedia:Joshua_Starnes>	4.0
INEX_LD-2012341	<dbpedia:USS_Sam_Houston_(SSBN-609)>	3.0
INEX_LD-2012341	<dbpedia:Temple_Lea_Houston>	2.0
INEX_LD-2012341	<dbpedia:1997_WNBA_Playoffs>	1.0
INEX_LD-2012341	<dbpedia:Houston_Municipal_Airport>	0.0
INEX_LD-2012345	<dbpedia:Attempted_assassination_of_Bernardo_Leighton>	9.0
INEX_LD-2012345	<dbpedia:Charles_Brehm>	8.0
INEX_LD-2012345	<dbpedia:Earle_Cabell>	7.0
INEX_LD-2012345	<dbpedia:Phillip_Willis>	6.0
INEX_LD-2012345	<dbpedia:Casualty_notification>	5.0
INEX_LD-2012345	<dbpedia:Lee_Bowers>	4.0
INEX_LD-2012345	<dbpedia:Assassination_of_John_F._Kennedy_in_popular_culture>	3.0
INEX_LD-2012345	<dbpedia:John_F._Kennedy_assassination_Dictabelt_recording>	2.0
INEX_LD-2012345	<dbpedia:Dale_K._Myers>	1.0
INEX_LD-2012345	<dbpedia:Michael_Paine>	0.0
INEX_LD-2012349	<dbpedia:Alexander_Nevsky_Cathedral,_Yalta>	9.0
INEX_LD-2012349	<dbpedia:Alexander_Nevsky_Cathedral,_Moscow>	8.0
INEX_LD-2012349	<dbpedia:Alexander_Nevsky_Cathedral,_Tallinn>	7.0
INEX_LD-2012349	<dbpedia:Alexander_Nevsky_Cathedral,_Łódź>	6.0
INEX_LD-2012349	<dbpedia:Alexander_Nevsky_Cathedral,_Novosibirsk>	5.0
INEX_LD-2012349	<dbpedia:Alexander_Nevsky_Cathedral,_Belgrade>	4.0
INEX_LD-2012349	<dbpedia:Grand_Hotel_Sofia>	3.0
INEX_LD-2012349	<dbpedia:Alexander_Nevsky_Cathedral,_Izhevsk>	2.0
INEX_LD-2012349	<dbpedia:Alexander_Nevsky_Cathedral,_Howell>	1.0
INEX_LD-2012349	<dbpedia:Cathedral_of_Saint_Vissarion_of_Smolyan>	0.0
INEX_LD-2012353	<dbpedia:German_language_in_Namibia>	9.0
INEX_LD-2012353	<dbpedia:Languages_of_Germany>	8.0
INEX_LD-2012353	<dbpedia:Amtsbezirk>	7.0
INEX_LD-2012353	<dbpedia:Oxford_Intensive_School_of_English>	6.0
INEX_LD-2012353	<dbpedia:Language_Council>	5.0
INEX_LD-2012353	<dbpedia:Der_Ostasiatische_Lloyd>	4.0
INEX_LD-2012353	<dbpedia:List_of_Portuguese-language_authors>	3.0
INEX_LD-2012353	<dbpedia:Mutamadiyah>	2.0
INEX_LD-2012353	<dbpedia:German_studies>	1.0
INEX_LD-2012353	<dbpedia:German_toponymy>	0.0
INEX_LD-2012354	<dbpedia:Vanguard_Visionaries_(Sandy_Bull_album)>	9.0
INEX_LD-2012354	<dbpedia:Ida_Presti>	8.0
INEX_LD-2012354	<dbpedia:Kim_Thayil>	7.0
INEX_LD-2012354	<dbpedia:Marco_Masini>	6.0
INEX_LD-2012354	<dbpedia:Bernard_Butler>	5.0
INEX_LD-2012354	<dbpedia:Joe_Pass>	4.0
INEX_LD-2012354	<dbpedia:Re-Inventions:_Best_of_the_Vanguard_Years>	3.0
INEX_LD-2012354	<dbpedia:Aerial_Boundaries>	2.0
INEX_LD-2012354	<dbpedia:Glen_Buxton>	1.0
INEX_LD-2012354	<dbpedia:Fredrik_Thordendal>	0.0
INEX_LD-2012355	<dbpedia:Attila_Kuttor>	9.0
INEX_LD-2012355	<dbpedia:Odafa_Onyeka_Okolie>	8.0
INEX_LD-2012355	<dbpedia:Military_Pay>	7.0
INEX_LD-2012355	<dbpedia:List_of_most_expensive_sculptures>	6.0
INEX_LD-2012355	<dbpedia:Paulo_Rink>	5.0
INEX_LD-2012355	<dbpedia:William_Heffelfinger>	4.0
INEX_LD-2012355	<dbpedia:List_of_most_expensive_books>	3.0
INEX_LD-2012355	<dbpedia:Rohit_Chand>	2.0
INEX_LD-2012355	<dbpedia:Owen_Williams_(footballer)>	1.0
INEX_LD-2012355	<dbpedia:Ezra_Kendall>	0.0
INEX_LD-2012357	<dbpedia:Svetlana_Zakharova_(dancer)>	9.0
INEX_LD-2012357	<dbpedia:Yekaterina_Shipulina>	8.0
INEX_LD-2012357	<dbpedia:Natalia_Bessmertnova>	7.0
INEX_LD-2012357	<dbpedia:Altynai_Asylmuratova>	6.0
INEX_LD-2012357	<dbpedia:Mia_Slavenska>	5.0
INEX_LD-2012357	<dbpedia:Nina_Kaptsova>	4.0
INEX_LD-2012357	<dbpedia:Alessandra_Ferri>	3.0
INEX_LD-2012357	<dbpedia:Gilda_Gelati>	2.0
INEX_LD-2012357	<dbpedia:List_of_prima_ballerinas>	1.0
INEX_LD-2012357	<dbpedia:Valda_Valkyrien>	0.0
INEX_LD-2012359	<dbpedia:Bob_Ricker>	9.0
INEX_LD-2012359	<dbpedia:Bob_Hall_(American_political_journalist)>	8.0
INEX_LD-2012359	<dbpedia:Danny_Evron>	7.0
INEX_LD-2012359	<dbpedia:Bob_Agee>	6.0
INEX_LD-2012359	<dbpedia:United_Nations_Office_of_Administration_of_Justice_(OAJ)>	5.0
INEX_LD-2012359	<dbpedia:John_Currie_(athletic_director)>	4.0
INEX_LD-2012359	<dbpedia:Land_Tawney>	3.0
INEX_LD-2012359	<dbpedia:Malik_Muhammad_Asif>	2.0
INEX_LD-2012359	<dbpedia:Dorothy_Ehrlich>	1.0
INEX_LD-2012359	<dbpedia:Filiz_Odabas-Geldiay>	0.0
INEX_LD-2012361	<dbpedia:Juan_Escobedo>	9.0
INEX_LD-2012361	<dbpedia:Anmol_Malik>	8.0
INEX_LD-2012361	<dbpedia:Karnail_Singh_Paras>	7.0
INEX_LD-2012361	<dbpedia:Nathaniel_Dean>	6.0
INEX_LD-2012361	<dbpedia:James_Millar_(Australian_actor)>	5.0
INEX_LD-2012361	<dbpedia:Bill_Wynne>	4.0
INEX_LD-2012361	<dbpedia:Bruce_Greer>	3.0
INEX_LD-2012361	<dbpedia:Levi_Kreis>	2.0
INEX_LD-2012361	<dbpedia:Roshan_Pilapitiya>	1.0
INEX_LD-2012361	<dbpedia:Dos_Historias>	0.0
INEX_LD-2012365	<dbpedia:Margaret_MacVicar>	9.0
INEX_LD-2012365	<dbpedia:Jit_Bose>	8.0
INEX_LD-2012365	<dbpedia:Peter_Ružička>	7.0
INEX_LD-2012365	<dbpedia:Ian_Cullimore>	6.0
INEX_LD-2012365	<dbpedia:Toniann_Pitassi>	5.0
INEX_LD-2012365	<dbpedia:Silvio_Micali>	4.0
INEX_LD-2012365	<dbpedia:János_Pach>	3.0
INEX_LD-2012365	<dbpedia:Takao_Nishizeki>	2.0
INEX_LD-2012365	<dbpedia:David_Hedgley>	1.0
INEX_LD-2012365	<dbpedia:Matthew_Cook>	0.0
INEX_LD-2012367	<dbpedia:Newtonian_telescope>	9.0
INEX_LD-2012367	<dbpedia:Graphic_telescope>	8.0
INEX_LD-2012367	<dbpedia:Reflecting_telescope>	7.0
INEX_LD-2012367	<dbpedia:Ritchey–Chrétien_telescope>	6.0
INEX_LD-2012367	<dbpedia:Telescope>	5.0
INEX_LD-2012367	<dbpedia:Celatone>	4.0
INEX_LD-2012367	<dbpedia:Wootton,_Kent>	3.0
INEX_LD-2012367	<dbpedia:Hexapod-Telescope>	2.0
INEX_LD-2012367	<dbpedia:Achromatic_telescope>	1.0
INEX_LD-2012367	<dbpedia:Schmidt–Newton_telescope>	0.0
INEX_LD-2012369	<dbpedia:Civic-military_dictatorship_of_Uruguay>	9.0
INEX_LD-2012369	<dbpedia:List_of_airports_in_China_(disambiguation)>	8.0
INEX_LD-2012369	<dbpedia:List_of_airports_in_Georgia>	7.0
INEX_LD-2012369	<dbpedia:List_of_airports_in_Congo>	6.0
INEX_LD-2012369	<dbpedia:List_of_airports_in_Michigan's_Upper_Peninsula>	5.0
INEX_LD-2012369	<dbpedia:List_of_airports_in_Virginia>	4.0
INEX_LD-2012369	<dbpedia:Uruguayan_general_election,_1984>	3.0
INEX_LD-2012369	<dbpedia:List_of_airports_in_Canada>	2.0
INEX_LD-2012369	<dbpedia:List_of_airports_in_the_Caribbean>	1.0
INEX_LD-2012369	<dbpedia:Stray_animals_at_Indian_airports>	0.0
INEX_LD-2012371	<dbpedia:UK_railway_stations>	9.0
INEX_LD-2012371	<dbpedia:Kharkiv_Railway_station>	8.0
INEX_LD-2012371	<dbpedia:List_of_cities_with_the_most_skyscrapers>	7.0
INEX_LD-2012371	<dbpedia:Thomas_Arboe>	6.0
INEX_LD-2012371	<dbpedia:List_of_closed_railway_stations_in_the_West_Midlands>	5.0
INEX_LD-2012371	<dbpedia:Hazrat_Nizamuddin_railway_station>	4.0
INEX_LD-2012371	<dbpedia:List_of_railway_stations_in_North_Rhine-Westphalia>	3.0
INEX_LD-2012371	<dbpedia:Huế_Railway_Station>	2.0
INEX_LD-2012371	<dbpedia:Tel_Aviv_HaShalom_Railway_Station>	1.0
INEX_LD-2012371	<dbpedia:Białystok_railway_station>	0.0
INEX_LD-2012372	<dbpedia:Ecuadorian_Civil_War>	9.0
INEX_LD-2012372	<dbpedia:Line_of_Fire_(2002_TV_series)>	8.0
INEX_LD-2012372	<dbpedia:U.S._Route_140>	7.0
INEX_LD-2012372	<dbpedia:James_Sewall_Reed>	6.0
INEX_LD-2012372	<dbpedia:Nandanar_(author)>	5.0
INEX_LD-2012372	<dbpedia:Battle_of_Doberdò>	4.0
INEX_LD-2012372	<dbpedia:Fazliddin_Gaibnazarov>	3.0
INEX_LD-2012372	<dbpedia:Diaoyu_Fortress>	2.0
INEX_LD-2012372	<dbpedia:List_of_historical_period_drama_films>	1.0
INEX_LD-2012372	<dbpedia:Historical_period_drama_films_set_in_Asia>	0.0
INEX_LD-2012373	<dbpedia:List_of_North_American_hummingbirds>	9.0
INEX_LD-2012373	<dbpedia:Tropical_Birdland,_Leicestershire>	8.0
INEX_LD-2012373	<dbpedia:South_Island_giant_moa>	7.0
INEX_LD-2012373	<dbpedia:Alsophila_(moth)>	6.0
INEX_LD-2012373	<dbpedia:Fly_honeysuckle>	5.0
INEX_LD-2012373	<dbpedia:Fly_captain>	4.0
INEX_LD-2012373	<dbpedia:Structural_abuse>	3.0
INEX_LD-2012373	<dbpedia:Bat-fowling>	2.0
INEX_LD-2012373	<dbpedia:Scientific_Anglers>	1.0
INEX_LD-2012373	<dbpedia:Muddler_Minnow>	0.0
INEX_LD-2012377	<dbpedia:Lists_of_World_War_I_topics>	9.0
INEX_LD-2012377	<dbpedia:World_War_I_reenactment>	8.0
INEX_LD-2012377	<dbpedia:Polish_I_Corps>	7.0
INEX_LD-2012377	<dbpedia:Polish_1st_Corps_in_the_East>	6.0
INEX_LD-2012377	<dbpedia:Indian_Army_during_World_War_I_order_of_battle>	5.0
INEX_LD-2012377	<dbpedia:Russia_in_World_War_one>	1.0
INEX_LD-2012377	<dbpedia:The_Will_of_Peter_the_Great>	0.0
INEX_LD-2012381	<dbpedia:Kaakki_Sattai>	9.0
INEX_LD-2012381	<dbpedia:Yejamana>	8.0
INEX_LD-2012381	<dbpedia:Kaneez_(1965_film)>	7.0
INEX_LD-2012381	<dbpedia:Mostafa_Zamani>	6.0
INEX_LD-2012381	<dbpedia:Vijaya_Bapineedu>	5.0
INEX_LD-2012381	<dbpedia:Seyyed_Hossein_Jafari>	4.0
INEX_LD-2012381	<dbpedia:Welcome_to_the_Quiet_Room>	3.0
INEX_LD-2012381	<dbpedia:Yaara_Dildara>	2.0
INEX_LD-2012381	<dbpedia:Kasam_(1993_film)>	1.0
INEX_LD-2012381	<dbpedia:CBI_(film_series)>	0.0
INEX_LD-2012383	<dbpedia:List_of_Russian_IT_developers>	9.0
INEX_LD-2012383	<dbpedia:Li_Huatian>	8.0
INEX_LD-2012383	<dbpedia:List_of_soil_scientists>	7.0
INEX_LD-2012383	<dbpedia:List_of_New_Zealand_scientists>	6.0
INEX_LD-2012383	<dbpedia:Academic_genealogy_of_computer_scientists>	5.0
INEX_LD-2012383	<dbpedia:Google_CodeF>	4.0
INEX_LD-2012383	<dbpedia:Sarah_Gordon>	3.0
INEX_LD-2012383	<dbpedia:Timothy_C._Lethbridge>	2.0
INEX_LD-2012383	<dbpedia:Computer_scientist>	1.0
INEX_LD-2012383	<dbpedia:Cepstral_(company)>	0.0
INEX_LD-2012385	<dbpedia:List_of_Italian_politicians>	9.0
INEX_LD-2012385	<dbpedia:List_of_centenarians_(politicians_and_government_servants)>	8.0
INEX_LD-2012385	<dbpedia:Guy_Bedos>	7.0
INEX_LD-2012385	<dbpedia:Vegetarian_Creek>	6.0
INEX_LD-2012385	<dbpedia:List_of_American_federal_politicians_convicted_of_crimes>	5.0
INEX_LD-2012385	<dbpedia:Franz-Neumann-Platz_(Berlin_U-Bahn)>	4.0
INEX_LD-2012385	<dbpedia:List_of_Conservative_Party_politicians>	3.0
INEX_LD-2012385	<dbpedia:List_of_Jews_in_politics>	2.0
INEX_LD-2012385	<dbpedia:World_Esperantist_Vegetarian_Association>	1.0
INEX_LD-2012385	<dbpedia:List_of_Italian_Christian_Democracy_politicians>	0.0
INEX_LD-2012387	<dbpedia:Gumti_River_(Tripura)>	9.0
INEX_LD-2012387	<dbpedia:Longkaikou_Dam>	8.0
INEX_LD-2012387	<dbpedia:Hasdeo_Bango_Dam>	7.0
INEX_LD-2012387	<dbpedia:Kadra_Dam>	6.0
INEX_LD-2012387	<dbpedia:Salma_Dam>	5.0
INEX_LD-2012387	<dbpedia:Sondur_Dam>	4.0
INEX_LD-2012387	<dbpedia:Boondooma_Dam>	3.0
INEX_LD-2012387	<dbpedia:Çetin_Dam>	2.0
INEX_LD-2012387	<dbpedia:Três_Irmãos_Dam>	1.0
INEX_LD-2012387	<dbpedia:Kamthikhairy_Dam>	0.0
INEX_LD-2012389	<dbpedia:Gulf_of_Santa_Catalina>	9.0
INEX_LD-2012389	<dbpedia:Gujjula_Ravindra_Reddy>	8.0
INEX_LD-2012389	<dbpedia:Admiralty_Gulf>	7.0
INEX_LD-2012389	<dbpedia:Gulf_of_the_Farallones>	6.0
INEX_LD-2012389	<dbpedia:Wobbegong>	5.0
INEX_LD-2012389	<dbpedia:Prickly_shark>	4.0
INEX_LD-2012389	<dbpedia:2010_North_Indian_Ocean_cyclone_season>	3.0
INEX_LD-2012389	<dbpedia:Orectolobus>	2.0
INEX_LD-2012389	<dbpedia:Gringo_Trail>	1.0
INEX_LD-2012389	<dbpedia:Indian_Ocean_Research_Group>	0.0
INEX_LD-2012390	<dbpedia:Arquimedes_Nieto>	9.0
INEX_LD-2012390	<dbpedia:Manuel_Ramírez_(baseball)>	8.0
INEX_LD-2012390	<dbpedia:Jonatan_Isenia>	7.0
INEX_LD-2012390	<dbpedia:Avelino_Asprilla>	6.0
INEX_LD-2012390	<dbpedia:Frank_Cacciatore>	5.0
INEX_LD-2012390	<dbpedia:Don_Bacon>	4.0
INEX_LD-2012390	<dbpedia:Pablo_Ortega>	3.0
INEX_LD-2012390	<dbpedia:Philip_Dale>	2.0
INEX_LD-2012390	<dbpedia:Kirt_Ojala>	1.0
INEX_LD-2012390	<dbpedia:Donna_Mills_(baseball)>	0.0
INEX_XER-106	<dbpedia:Timeline_of_the_Hundred_Years'_War>	9.0
INEX_XER-106	<dbpedia:John_Beaumont,_4th_Baron_Beaumont>	8.0
INEX_XER-106	<dbpedia:Bladestorm:_The_Hundred_Years'_War>	7.0
INEX_XER-106	<dbpedia:Andrew_Trollope>	6.0
INEX_XER-106	<dbpedia:1339_in_Italy>	5.0
INEX_XER-106	<dbpedia:Battle_of_Arnemuiden>	4.0
INEX_XER-106	<dbpedia:Sir_Thomas_Kyriell>	3.0
INEX_XER-106	<dbpedia:Battle_of_Formigny>	2.0
INEX_XER-106	<dbpedia:Armagnac_(party)>	1.0
INEX_XER-106	<dbpedia:Pierre_d'Orgemont>	0.0
INEX_XER-108	<dbpedia:United_States_Ambassador_to_Japan>	9.0
INEX_XER-108	<dbpedia:Embassy_of_the_United_States,_Beijing>	8.0
INEX_XER-108	<dbpedia:United_States_Special_Envoy_to_the_Organisation_of_Islamic_Cooperation>	7.0
INEX_XER-108	<dbpedia:Representative_of_the_United_States_to_the_European_Office_of_the_United_Nations>	6.0
INEX_XER-108	<dbpedia:Embassy_of_the_United_States,_Tel_Aviv>	5.0
INEX_XER-108	<dbpedia:List_of_U.S._states'_largest_cities_by_population>	4.0
INEX_XER-108	<dbpedia:Embassy_of_the_United_States,_Ottawa>	3.0
INEX_XER-108	<dbpedia:United_States–European_Union_relations>	2.0
INEX_XER-108	<dbpedia:Embassy_of_the_United_States,_Tehran>	1.0
INEX_XER-108	<dbpedia:List_of_Bowling_Green_State_University_alumni>	0.0
INEX_XER-109	<dbpedia:List_of_capital_cities_in_the_history_of_Vojvodina>	9.0
INEX_XER-109	<dbpedia:List_of_capitals_in_Malaysia>	8.0
INEX_XER-109	<dbpedia:Capricorn_and_Bunker_Group>	7.0
INEX_XER-109	<dbpedia:List_of_capitals_of_Myanmar>	6.0
INEX_XER-109	<dbpedia:List_of_capitals_in_Thailand>	5.0
INEX_XER-109	<dbpedia:Japan_National_Route_7>	4.0
INEX_XER-109	<dbpedia:Geography_of_Stockholm>	3.0
INEX_XER-109	<dbpedia:List_of_Antarctic_and_subantarctic_islands>	2.0
INEX_XER-109	<dbpedia:Indo-Corinthian_capital>	1.0
INEX_XER-109	<dbpedia:List_of_purpose-built_capitals_of_country_subdivisions>	0.0
INEX_XER-110	<dbpedia:António_Correia_de_Oliveira>	9.0
INEX_XER-110	<dbpedia:The_Fish_Can_Sing>	8.0
INEX_XER-110	<dbpedia:List_of_Polish-language_poets>	7.0
INEX_XER-110	<dbpedia:Polish_poetry>	6.0
INEX_XER-110	<dbpedia:Disgrace>	5.0
INEX_XER-110	<dbpedia:The_Haw_Lantern>	4.0
INEX_XER-110	<dbpedia:Jean-Christophe>	3.0
INEX_XER-110	<dbpedia:List_of_Nordic_Council's_Literature_Prize_winners_and_nominees>	2.0
INEX_XER-110	<dbpedia:Growth_of_the_Soil>	1.0
INEX_XER-110	<dbpedia:Humboldt's_Gift>	0.0
INEX_XER-113	<dbpedia:2012_Monaco_Grand_Prix>	9.0
INEX_XER-113	<dbpedia:2005_Monaco_Grand_Prix>	8.0
INEX_XER-113	<dbpedia:2010_Monaco_Grand_Prix>	7.0
INEX_XER-113	<dbpedia:Monaco_Grand_Prix_(video_game)>	6.0
INEX_XER-113	<dbpedia:2000_Monaco_Grand_Prix>	5.0
INEX_XER-113	<dbpedia:1989_Monaco_Grand_Prix>	4.0
INEX_XER-113	<dbpedia:1960_Monaco_Grand_Prix>	3.0
INEX_XER-113	<dbpedia:1962_Monaco_Grand_Prix>	2.0
INEX_XER-113	<dbpedia:1993_Monaco_Grand_Prix>	1.0
INEX_XER-113	<dbpedia:1976_Monaco_Grand_Prix>	0.0
INEX_XER-114	<dbpedia:2009_Formula_BMW_Europe_season>	9.0
INEX_XER-114	<dbpedia:2008_Porsche_Supercup_season>	8.0
INEX_XER-114	<dbpedia:2007_Porsche_Supercup_season>	7.0
INEX_XER-114	<dbpedia:2003_Porsche_Supercup_season>	6.0
INEX_XER-114	<dbpedia:2002_Porsche_Supercup_season>	5.0
INEX_XER-114	<dbpedia:Bernhard_Auinger>	4.0
INEX_XER-114	<dbpedia:Italian_Formula_Renault_Championship>	3.0
INEX_XER-114	<dbpedia:SCCA_Formula_Super_Vee>	2.0
INEX_XER-114	<dbpedia:Cornwall_MRC_Formula_1_Race>	1.0
INEX_XER-114	<dbpedia:2009_Porsche_Supercup_season>	0.0
INEX_XER-115	<dbpedia:List_of_Formula_One_World_Constructors'_Championship_runners-up>	9.0
INEX_XER-115	<dbpedia:1992_Formula_One_season>	8.0
INEX_XER-115	<dbpedia:List_of_Formula_One_World_Championship_points_scoring_systems>	7.0
INEX_XER-115	<dbpedia:Mercedes_MGP_W02>	6.0
INEX_XER-115	<dbpedia:2017_Formula_One_season>	5.0
INEX_XER-115	<dbpedia:List_of_Formula_One_World_Constructors'_Champions>	4.0
INEX_XER-115	<dbpedia:Onyx_Grand_Prix>	3.0
INEX_XER-115	<dbpedia:Brabham>	2.0
INEX_XER-115	<dbpedia:2001_Formula_One_season>	1.0
INEX_XER-115	<dbpedia:2010_Formula_One_season>	0.0
INEX_XER-116	<dbpedia:Clemens_Kuby>	9.0
INEX_XER-116	<dbpedia:List_of_Nordic_Council's_Literature_Prize_winners_and_nominees>	8.0
INEX_XER-116	<dbpedia:O'Duffy_Cup>	7.0
INEX_XER-116	<dbpedia:Telegatto>	6.0
INEX_XER-116	<dbpedia:Prix_Godecharle>	5.0
INEX_XER-116	<dbpedia:ENI_award>	4.0
INEX_XER-116	<dbpedia:Italian_Online_Movie_Awards_2004>	3.0
INEX_XER-116	<dbpedia:Italian_Online_Movie_Awards_2005>	2.0
INEX_XER-116	<dbpedia:Best_Swedish_Crime_Novel_Award>	1.0
INEX_XER-116	<dbpedia:Davide_Monteleone>	0.0
INEX_XER-117	<dbpedia:Red,_White_&_Blues>	9.0
INEX_XER-117	<dbpedia:Murphy_Dunne>	8.0
INEX_XER-117	<dbpedia:Blues_Brothers_and_Friends:_Live_from_Chicago's_House_of_Blues>	7.0
INEX_XER-117	<dbpedia:The_Blues_Brothers_Band_Live_in_Montreux>	6.0
INEX_XER-117	<dbpedia:Best_of_The_Blues_Brothers>	5.0
INEX_XER-117	<dbpedia:Jason_Ross_(actor)>	4.0
INEX_XER-117	<dbpedia:Randy_Mixer>	3.0
INEX_XER-117	<dbpedia:P.F._Pithawala>	2.0
INEX_XER-117	<dbpedia:Charles_Levin_(actor)>	1.0
INEX_XER-117	<dbpedia:Los_Trotamúsicos>	0.0
INEX_XER-118	<dbpedia:List_of_car_models_commercialized_in_Argentina>	9.0
INEX_XER-118	<dbpedia:Egy-Tech_Engineering>	8.0
INEX_XER-118	<dbpedia:Renault_Eolab>	7.0
INEX_XER-118	<dbpedia:Minialuxe>	6.0
INEX_XER-118	<dbpedia:Peugeot_208>	5.0
INEX_XER-118	<dbpedia:Renault_Laguna>	4.0
INEX_XER-118	<dbpedia:Hotchkiss_Anjou>	3.0
INEX_XER-118	<dbpedia:James_Bond_Car_Collection>	2.0
INEX_XER-118	<dbpedia:Citroën_concept_cars>	1.0
INEX_XER-118	<dbpedia:Pragoti>	0.0
INEX_XER-119	<dbpedia:Herzbaracke>	9.0
INEX_XER-119	<dbpedia:Swiss_University_Conference>	8.0
INEX_XER-119	<dbpedia:Jona_(river)>	7.0
INEX_XER-119	<dbpedia:Cantons_of_Switzerland>	6.0
INEX_XER-119	<dbpedia:Büsingen_am_Hochrhein>	5.0
INEX_XER-119	<dbpedia:Subdivisions_of_Switzerland>	4.0
INEX_XER-119	<dbpedia:Fédération_des_Entreprises_Romandes_Genève>	3.0
INEX_XER-119	<dbpedia:Schiberg>	2.0
INEX_XER-119	<dbpedia:Melchior_Lussy>	1.0
INEX_XER-119	<dbpedia:Buechberg>	0.0
INEX_XER-121	<dbpedia:Board_of_Fortifications>	9.0
INEX_XER-121	<dbpedia:List_of_Northwestern_University_presidents>	8.0
INEX_XER-121	<dbpedia:List_of_heads_of_state_of_Panama>	7.0
INEX_XER-121	<dbpedia:List_of_Cambridge_Union_Society_presidents>	6.0
INEX_XER-121	<dbpedia:Capital_Press_Club>	5.0
INEX_XER-121	<dbpedia:List_of_presidents_of_the_Constitutional_Court_of_Turkey>	4.0
INEX_XER-121	<dbpedia:List_of_presidents_of_Virginia_Commonwealth_University>	3.0
INEX_XER-121	<dbpedia:List_of_University_of_New_Mexico_presidents>	2.0
INEX_XER-121	<dbpedia:Hungarian_Sportspeople_of_the_Year>	1.0
INEX_XER-121	<dbpedia:Pam_Marshall>	0.0
INEX_XER-122	<dbpedia:American_Film_Institute_Awards_2000>	9.0
INEX_XER-122	<dbpedia:List_of_African_film_awards>	8.0
INEX_XER-122	<dbpedia:Michael_Semanick>	7.0
INEX_XER-122	<dbpedia:Mildred_Okwo>	6.0
INEX_XER-122	<dbpedia:2014_Nollywood_Movies_Awards>	5.0
INEX_XER-122	<dbpedia:American_Film_Institute_Awards_2006>	4.0
INEX_XER-122	<dbpedia:List_of_Polish_Academy_Award_winners_and_nominees>	3.0
INEX_XER-122	<dbpedia:American_Film_Institute_Awards_2004>	2.0
INEX_XER-122	<dbpedia:American_Film_Institute_Awards_2003>	1.0
INEX_XER-122	<dbpedia:American_Film_Institute_Awards_2002>	0.0
INEX_XER-123	<dbpedia:France_women's_national_under-17_football_team>	9.0
INEX_XER-123	<dbpedia:1974_FIFA_World_Cup_Final>	8.0
INEX_XER-123	<dbpedia:Israeli_25th_Anniversary_Cup>	7.0
INEX_XER-123	<dbpedia:Björn_Nordqvist>	6.0
INEX_XER-123	<dbpedia:1994_FIFA_World_Cup_qualification_(CONCACAF–OFC_play-off)>	5.0
INEX_XER-123	<dbpedia:1986_FIFA_World_Cup_qualification_(UEFA–OFC_play-off)>	4.0
INEX_XER-123	<dbpedia:Iceland_women's_national_football_team>	3.0
INEX_XER-123	<dbpedia:Drew_Neilson>	2.0
INEX_XER-123	<dbpedia:2002_FIFA_World_Cup_qualification_(CONMEBOL–OFC_play-off)>	1.0
INEX_XER-123	<dbpedia:Futsal_Confederations_Cup>	0.0
INEX_XER-124	<dbpedia:The_Sea,_the_Sea>	9.0
INEX_XER-124	<dbpedia:James_Kelman>	8.0
INEX_XER-124	<dbpedia:Lost_Man_Booker_Prize>	7.0
INEX_XER-124	<dbpedia:Heat_and_Dust>	6.0
INEX_XER-124	<dbpedia:Peter_Carey_(novelist)>	5.0
INEX_XER-124	<dbpedia:Man_Booker_Prize>	4.0
INEX_XER-124	<dbpedia:The_Big_Chapel>	3.0
INEX_XER-124	<dbpedia:Flaubert's_Parrot>	2.0
INEX_XER-124	<dbpedia:Keri_Hulme>	1.0
INEX_XER-124	<dbpedia:A_Month_in_the_Country_(novel)>	0.0
INEX_XER-127	<dbpedia:Familie_Dr._Kleist>	9.0
INEX_XER-127	<dbpedia:List_of_Italian_politicians>	8.0
INEX_XER-127	<dbpedia:Peter_Roehr>	7.0
INEX_XER-127	<dbpedia:List_of_female_lieutenant_governors_in_the_United_States>	6.0
INEX_XER-127	<dbpedia:Kasper_Kisum>	5.0
INEX_XER-127	<dbpedia:Apollo_3_(band)>	4.0
INEX_XER-127	<dbpedia:Wolfgang_Burandt>	3.0
INEX_XER-127	<dbpedia:Mola_Adebisi>	2.0
INEX_XER-127	<dbpedia:Valea_Agrișului_River>	1.0
INEX_XER-127	<dbpedia:Carola_Veit>	0.0
